mock_id,n_galaxies,n_good_pix,a_hat,b_hat,var_a,var_b,lrt_lambda,lrt_p,lrt_reject,per_method,a_true,a_bias,b_true,b_bias
0,988804,32512,"[0.02975484708796211, -0.10104402847905516, 0.04643898273535338]","[0.07463428967328327, -0.1720099457635457, -0.11106333044788605]","[8.131562572278462e-06, 6.633382367075789e-06, 6.9531687555406374e-06]","[1.1510421161553322e-05, 9.715318603596677e-06, 1.0511158929065676e-05]",3384.3819445797417,0.0,True,"{'OLS': {'a_hat': [0.029051549695445104, -0.10166150077336622, 0.0526486878179369], 'b_hat': [0.0, 0.0, 0.0], 'sigma_hat': None, 'elapsed_s': 0.0009991450933739543, 'a_bias': [-0.001420158279998033, 0.0023369098506833413, -0.022396431762708835], 'b_bias': [-0.0940564716391214, 0.19510351886538366, 0.13021795068623182]}, 'ElasticNet': {'a_hat': [0.028127373220006704, -0.10068798587305315, 0.05176759150150329], 'b_hat': [0.0, 0.0, 0.0], 'sigma_hat': None, 'elapsed_s': 0.7762533399509266, 'a_bias': [-0.002344334755436432, 0.00331042475099641, -0.02327752807914244], 'b_bias': [-0.0940564716391214, 0.19510351886538366, 0.13021795068623182]}, 'ISD-1': {'a_hat': [0.025386438436398606, -0.10005148909120862, 0.0], 'b_hat': [0.0, 0.0, 0.0], 'sigma_hat': None, 'elapsed_s': 0.16612269391771406, 'n_steps': 3, 'stopped_on': 'threshold', 'a_bias': [-0.005085269539044531, 0.003946921532840944, -0.07504511958064573], 'b_bias': [-0.0940564716391214, 0.19510351886538366, 0.13021795068623182]}, 'ISD-3': {'a_hat': [0.02568747304511952, -0.09485142312449535, 0.0], 'b_hat': [0.0, 0.0, 0.0], 'sigma_hat': None, 'elapsed_s': 0.13868433400057256, 'n_steps': 2, 'stopped_on': 'threshold', 'a_bias': [-0.004784234930323615, 0.009146987499554213, -0.07504511958064573], 'b_bias': [-0.0940564716391214, 0.19510351886538366, 0.13021795068623182]}, 'MCMC-add': {'a_hat': [0.02906164363778146, -0.10166303574573378, 0.05266452336832643], 'b_hat': [0.0, 0.0, 0.0], 'sigma_hat': 0.5812816289334617, 'elapsed_s': 3.137818280956708, 'sd_a': [0.0032285835145618455, 0.0032349923769145906, 0.0031464762314089385], 'a_bias': [-0.0014100643376616755, 0.0023353748783157824, -0.022380596212319304], 'b_bias': [-0.0940564716391214, 0.19510351886538366, 0.13021795068623182]}, 'MCMC-comb': {'a_hat': [0.02975484708796211, -0.10104402847905516, 0.04643898273535338], 'b_hat': [0.07463428967328327, -0.1720099457635457, -0.11106333044788605], 'sigma_hat': 0.5660672386923962, 'elapsed_s': 40.106916463933885, 'sd_a': [0.0028515894817239145, 0.0025755353554311362, 0.002636886185549281], 'nuts_rhat': 1.0001633087707273, 'nuts_ess': 5501.126451213561, 'nuts_divergences': 0, 'a_bias': [-0.0007168608874810259, 0.002954382144994397, -0.028606136845292354], 'b_bias': [-0.01942218196583813, 0.02309357310183796, 0.01915462023834577]}}","[0.030471707975443137, -0.10399841062404956, 0.07504511958064573]","[-0.0007168608874810259, 0.002954382144994397, -0.028606136845292354]","[0.0940564716391214, -0.19510351886538366, -0.13021795068623182]","[-0.01942218196583813, 0.02309357310183796, 0.01915462023834577]"
1,964744,32512,"[0.015622619356809433, -0.028032332818111294, -0.01247733815861138]","[-0.0762082652980256, 0.0894333631495586, 0.08591459098229634]","[1.0274647347297842e-05, 1.0236895038373777e-05, 9.814692096684578e-06]","[1.4348711355736173e-05, 1.3119911432239039e-05, 1.411828688445048e-05]",1402.4785032514483,8.538076165863264e-304,True,"{'OLS': {'a_hat': [0.015465082504149874, -0.028967248983621872, -0.017607753142029607], 'b_hat': [0.0, 0.0, 0.0], 'sigma_hat': None, 'elapsed_s': 0.0009338189847767353, 'a_bias': [0.002681042187421337, 0.0026570102507363497, -0.01592763739160073], 'b_bias': [0.08530439275735802, -0.08793979748628286, -0.07777919354289484]}, 'ElasticNet': {'a_hat': [0.00924936332905346, -0.022571331562875014, -0.011763094511528233], 'b_hat': [0.0, 0.0, 0.0], 'sigma_hat': None, 'elapsed_s': 0.19158391805831343, 'a_bias': [-0.0035346769876750776, 0.009052927671483208, -0.010082978761099353], 'b_bias': [0.08530439275735802, -0.08793979748628286, -0.07777919354289484]}, 'ISD-1': {'a_hat': [0.014926781019001122, -0.025717091774561284, 0.0], 'b_hat': [0.0, 0.0, 0.0], 'sigma_hat': None, 'elapsed_s': 0.13955186493694782, 'n_steps': 2, 'stopped_on': 'threshold', 'a_bias': [0.0021427407022725845, 0.005907167459796938, 0.0016801157504288797], 'b_bias': [0.08530439275735802, -0.08793979748628286, -0.07777919354289484]}, 'ISD-3': {'a_hat': [0.014723182874722452, -0.02723137244108509, 0.0], 'b_hat': [0.0, 0.0, 0.0], 'sigma_hat': None, 'elapsed_s': 0.1620163059560582, 'n_steps': 2, 'stopped_on': 'threshold', 'a_bias': [0.0019391425579939146, 0.004392886793273133, 0.0016801157504288797], 'b_bias': [0.08530439275735802, -0.08793979748628286, -0.07777919354289484]}, 'MCMC-add': {'a_hat': [0.015472414593418006, -0.028957727787519327, -0.017613149892531155], 'b_hat': [0.0, 0.0, 0.0], 'sigma_hat': 0.6090688015864227, 'elapsed_s': 0.09899103594943881, 'sd_a': [0.003389992663044189, 0.003386242996851531, 0.003273237206883689], 'a_bias': [0.0026883742766894685, 0.0026665314468388955, -0.015933034142102277], 'b_bias': [0.08530439275735802, -0.08793979748628286, -0.07777919354289484]}, 'MCMC-comb': {'a_hat': [0.015622619356809433, -0.028032332818111294, -0.01247733815861138], 'b_hat': [-0.0762082652980256, 0.0894333631495586, 0.08591459098229634], 'sigma_hat': 0.6033734774967172, 'elapsed_s': 31.940200940007344, 'sd_a': [0.00320540907643593, 0.003199514812963643, 0.003132840898718698], 'nuts_rhat': 1.0002262834534887, 'nuts_ess': 4543.983751235879, 'nuts_divergences': 0, 'a_bias': [0.002838579040080896, 0.003591926416246928, -0.0107972224081825], 'b_bias': [0.009096127459332415, 0.0014935656632757421, 0.008135397439401504]}}","[0.012784040316728537, -0.03162425923435822, -0.0016801157504288797]","[0.002838579040080896, 0.003591926416246928, -0.0107972224081825]","[-0.08530439275735802, 0.08793979748628286, 0.07777919354289484]","[0.009096127459332415, 0.0014935656632757421, 0.008135397439401504]"
2,940010,32512,"[0.002825330273769337, 0.11433823301081904, 0.08669028111441784]","[-0.08394420694280638, 0.04502352013888936, -0.047771990599593715]","[8.727565192499933e-06, 9.792054649417372e-06, 8.75117378360839e-06]","[1.4013780248428395e-05, 1.4428924513538072e-05, 1.4477448017892537e-05]",716.8096439754809,4.753462949646433e-155,True,"{'OLS': {'a_hat': [0.004234438320135941, 0.11437651630930422, 0.08734157428872187], 'b_hat': [0.0, 0.0, 0.0], 'sigma_hat': None, 'elapsed_s': 0.0008896880317479372, 'a_bias': [-0.0023686314359856638, 0.001652395612500926, 0.04059064006351731], 'b_bias': [0.08592924628832382, -0.036875078408249884, 0.0958882600828999]}, 'ElasticNet': {'a_hat': [0.0032961476550228065, 0.11334530308059211, 0.08638397496678563], 'b_hat': [0.0, 0.0, 0.0], 'sigma_hat': None, 'elapsed_s': 0.1627673590555787, 'a_bias': [-0.0033069221010987985, 0.0006211823837888181, 0.03963304074158106], 'b_bias': [0.08592924628832382, -0.036875078408249884, 0.0958882600828999]}, 'ISD-1': {'a_hat': [0.0, 0.11089461318917955, 0.08188681491834708], 'b_hat': [0.0, 0.0, 0.0], 'sigma_hat': None, 'elapsed_s': 0.16082090802956372, 'n_steps': 3, 'stopped_on': 'threshold', 'a_bias': [-0.006603069756121605, -0.0018295075076237427, 0.03513588069314252], 'b_bias': [0.08592924628832382, -0.036875078408249884, 0.0958882600828999]}, 'ISD-3': {'a_hat': [0.0, 0.10519426741322252, 0.0821487162005827], 'b_hat': [0.0, 0.0, 0.0], 'sigma_hat': None, 'elapsed_s': 0.13359444704838097, 'n_steps': 2, 'stopped_on': 'threshold', 'a_bias': [-0.006603069756121605, -0.007529853283580773, 0.035397781975378136], 'b_bias': [0.08592924628832382, -0.036875078408249884, 0.0958882600828999]}, 'MCMC-add': {'a_hat': [0.0042342385696108814, 0.1143482106652808, 0.08733544263522133], 'b_hat': [0.0, 0.0, 0.0], 'sigma_hat': 0.5674447396447648, 'elapsed_s': 0.11128388601355255, 'sd_a': [0.003157119946087476, 0.003150144201768338, 0.003054974569095181], 'a_bias': [-0.0023688311865107236, 0.0016240899684775018, 0.04058450841001677], 'b_bias': [0.08592924628832382, -0.036875078408249884, 0.0958882600828999]}, 'MCMC-comb': {'a_hat': [0.002825330273769337, 0.11433823301081904, 0.08669028111441784], 'b_hat': [-0.08394420694280638, 0.04502352013888936, -0.047771990599593715], 'sigma_hat': 0.5646454767268901, 'elapsed_s': 32.17178071301896, 'sd_a': [0.0029542452830629913, 0.0031292258866079596, 0.0029582382905385413], 'nuts_rhat': 1.0002372423733643, 'nuts_ess': 5644.334078527371, 'nuts_divergences': 0, 'a_bias': [-0.003777739482352268, 0.0016141123140157448, 0.03993934688921328], 'b_bias': [0.001985039345517442, 0.008148441730639479, 0.04811626948330618]}}","[0.006603069756121605, 0.11272412069680329, 0.046750934225204564]","[-0.003777739482352268, 0.0016141123140157448, 0.03993934688921328]","[-0.08592924628832382, 0.036875078408249884, -0.0958882600828999]","[0.001985039345517442, 0.008148441730639479, 0.04811626948330618]"
3,960509,32512,"[0.08819123543404721, -0.0009884500122749784, -0.00962853836668319]","[-0.04881402141696537, 0.11483484640827657, -0.009842660420992785]","[7.646942059031533e-06, 6.969335789028997e-06, 7.227367652894373e-06]","[1.3566859598099251e-05, 1.4315321924635906e-05, 1.4829590663641273e-05]",1008.2991213143105,2.849657001996733e-218,True,"{'OLS': {'a_hat': [0.08764916581751615, -0.0038251342271896833, -0.007978214076445707], 'b_hat': [0.0, 0.0, 0.0], 'sigma_hat': None, 'elapsed_s': 0.0009209599811583757, 'a_bias': [-0.00019586431321109987, 0.0011674568714356063, 0.010508022278080351], 'b_bias': [0.06809295444039414, -0.12225413386740303, 0.015452948206880215]}, 'ElasticNet': {'a_hat': [0.07610348268692044, -0.0, -0.0], 'b_hat': [0.0, 0.0, 0.0], 'sigma_hat': None, 'elapsed_s': 0.15384040400385857, 'a_bias': [-0.011741547443806816, 0.00499259109862529, 0.018486236354526057], 'b_bias': [0.06809295444039414, -0.12225413386740303, 0.015452948206880215]}, 'ISD-1': {'a_hat': [0.08202829481668877, 0.0, 0.0], 'b_hat': [0.0, 0.0, 0.0], 'sigma_hat': None, 'elapsed_s': 0.09882300195749849, 'n_steps': 1, 'stopped_on': 'threshold', 'a_bias': [-0.005816735314038479, 0.00499259109862529, 0.018486236354526057], 'b_bias': [0.06809295444039414, -0.12225413386740303, 0.015452948206880215]}, 'ISD-3': {'a_hat': [0.08174095375645332, -0.00418543687152641, 0.0], 'b_hat': [0.0, 0.0, 0.0], 'sigma_hat': None, 'elapsed_s': 0.11220113805029541, 'n_steps': 2, 'stopped_on': 'threshold', 'a_bias': [-0.006104076374273931, 0.0008071542270988797, 0.018486236354526057], 'b_bias': [0.06809295444039414, -0.12225413386740303, 0.015452948206880215]}, 'MCMC-add': {'a_hat': [0.08766493032212613, -0.0038401024193317657, -0.007991977714187696], 'b_hat': [0.0, 0.0, 0.0], 'sigma_hat': 0.5120532785671157, 'elapsed_s': 0.08163607493042946, 'sd_a': [0.002842387650472967, 0.0028346094305467823, 0.002759646688890821], 'a_bias': [-0.00018009980860111963, 0.001152488679293524, 0.010494258640338362], 'b_bias': [0.06809295444039414, -0.12225413386740303, 0.015452948206880215]}, 'MCMC-comb': {'a_hat': [0.08819123543404721, -0.0009884500122749784, -0.00962853836668319], 'b_hat': [-0.04881402141696537, 0.11483484640827657, -0.009842660420992785], 'sigma_hat': 0.5084338353197316, 'elapsed_s': 31.817530366941355, 'sd_a': [0.002765310481488748, 0.00263994995956912, 0.0026883763971762534], 'nuts_rhat': 1.0000112421358385, 'nuts_ess': 5453.275904167551, 'nuts_divergences': 0, 'a_bias': [0.0003462053033199547, 0.004004141086350312, 0.008857697987842868], 'b_bias': [0.019278933023428764, -0.007419287459126456, 0.00561028778588743]}}","[0.08784503013072725, -0.00499259109862529, -0.018486236354526057]","[0.0003462053033199547, 0.004004141086350312, 0.008857697987842868]","[-0.06809295444039414, 0.12225413386740303, -0.015452948206880215]","[0.019278933023428764, -0.007419287459126456, 0.00561028778588743]"
4,949555,32512,"[-0.044294719473275374, -0.0436049486321527, 0.04513697662769979]","[0.0159778177865706, 0.026460791594950694, 0.013343550175303896]","[9.794914838021772e-06, 9.236326877606589e-06, 9.686358839163624e-06]","[1.4832118046631502e-05, 1.6474713257660645e-05, 1.717245499104954e-05]",67.15511596611759,1.7348418047695067e-14,True,"{'OLS': {'a_hat': [-0.04421501661715168, -0.0438990267977469, 0.04410562200040165], 'b_hat': [0.0, 0.0, 0.0], 'sigma_hat': None, 'elapsed_s': 0.0008803620003163815, 'a_bias': [-0.0013822344008409537, -0.008685671748923936, -0.00912529655493323], 'b_bias': [-0.036544406436407835, -0.04127326115959884, -0.043082100300788274]}, 'ElasticNet': {'a_hat': [-0.044165859845574876, -0.04384944621182224, 0.04405962266291918], 'b_hat': [0.0, 0.0, 0.0], 'sigma_hat': None, 'elapsed_s': 0.27039151394274086, 'a_bias': [-0.0013330776292641497, -0.00863609116299928, -0.0091712958924157], 'b_bias': [-0.036544406436407835, -0.04127326115959884, -0.043082100300788274]}, 'ISD-1': {'a_hat': [-0.04177233599037031, -0.04080910793430484, 0.0], 'b_hat': [0.0, 0.0, 0.0], 'sigma_hat': None, 'elapsed_s': 0.10063472192268819, 'n_steps': 2, 'stopped_on': 'threshold', 'a_bias': [0.0010604462259404188, -0.005595752885481878, -0.05323091855533488], 'b_bias': [-0.036544406436407835, -0.04127326115959884, -0.043082100300788274]}, 'ISD-3': {'a_hat': [-0.04064258111095838, -0.04061440372939551, 0.0], 'b_hat': [0.0, 0.0, 0.0], 'sigma_hat': None, 'elapsed_s': 0.11256865400355309, 'n_steps': 2, 'stopped_on': 'threshold', 'a_bias': [0.0021902011053523476, -0.005401048680572548, -0.05323091855533488], 'b_bias': [-0.036544406436407835, -0.04127326115959884, -0.043082100300788274]}, 'MCMC-add': {'a_hat': [-0.0442161308094743, -0.043895629617789374, 0.044115450581179536], 'b_hat': [0.0, 0.0, 0.0], 'sigma_hat': 0.5725557950951745, 'elapsed_s': 0.08080166496802121, 'sd_a': [0.0031859555023910618, 0.003179004902019055, 0.003075555829520748], 'a_bias': [-0.0013833485931635733, -0.008682274568966412, -0.009115467974155342], 'b_bias': [-0.036544406436407835, -0.04127326115959884, -0.043082100300788274]}, 'MCMC-comb': {'a_hat': [-0.044294719473275374, -0.0436049486321527, 0.04513697662769979], 'b_hat': [0.0159778177865706, 0.026460791594950694, 0.013343550175303896], 'sigma_hat': 0.572287389878511, 'elapsed_s': 33.92082160699647, 'sd_a': [0.0031296828654069366, 0.0030391325863816125, 0.00311229157360997], 'nuts_rhat': 1.0008586115582838, 'nuts_ess': 5223.235677442507, 'nuts_divergences': 0, 'a_bias': [-0.0014619372569646474, -0.008391593583329741, -0.008093941927635087], 'b_bias': [-0.020566588649837236, -0.014812469564648146, -0.02973855012548438]}}","[-0.042832782216310726, -0.03521335504882296, 0.05323091855533488]","[-0.0014619372569646474, -0.008391593583329741, -0.008093941927635087]","[0.036544406436407835, 0.04127326115959884, 0.043082100300788274]","[-0.020566588649837236, -0.014812469564648146, -0.02973855012548438]"
5,1037379,32512,"[0.19295127347476193, -0.0348310883084466, -0.007629596383763881]","[-0.0596928612249405, 0.045507602557768, 0.11127587496594048]","[7.993292334391264e-06, 7.8414111595829e-06, 7.028967937799908e-06]","[1.3820500096612628e-05, 1.3978682306518526e-05, 1.5048636197398998e-05]",1155.5278881467893,3.265975161987372e-250,True,"{'OLS': {'a_hat': [0.1908173153109052, -0.03297200070045455, -0.012542956853514616], 'b_hat': [0.0, 0.0, 0.0], 'sigma_hat': None, 'elapsed_s': 0.0008835449116304517, 'a_bias': [-0.023347444776140924, 0.007669500938007008, 0.03868131605363912], 'b_bias': [0.08137727282478778, -0.06159794225754957, -0.11289722927208917]}, 'ElasticNet': {'a_hat': [0.19059188146903422, -0.03277362777883323, -0.012363853120926827], 'b_hat': [0.0, 0.0, 0.0], 'sigma_hat': None, 'elapsed_s': 0.16702143498696387, 'a_bias': [-0.02357287861801191, 0.007867873859628331, 0.03886041978622691], 'b_bias': [0.08137727282478778, -0.06159794225754957, -0.11289722927208917]}, 'ISD-1': {'a_hat': [0.1868336133133178, -0.030406147466018732, 0.0], 'b_hat': [0.0, 0.0, 0.0], 'sigma_hat': None, 'elapsed_s': 0.16641924099531025, 'n_steps': 3, 'stopped_on': 'threshold', 'a_bias': [-0.027331146773728332, 0.010235354172442826, 0.051224272907153735], 'b_bias': [0.08137727282478778, -0.06159794225754957, -0.11289722927208917]}, 'ISD-3': {'a_hat': [0.18551435351907933, -0.030274681377241135, 0.0], 'b_hat': [0.0, 0.0, 0.0], 'sigma_hat': None, 'elapsed_s': 0.14937811100389808, 'n_steps': 3, 'stopped_on': 'threshold', 'a_bias': [-0.028650406567966802, 0.010366820261220423, 0.051224272907153735], 'b_bias': [0.08137727282478778, -0.06159794225754957, -0.11289722927208917]}, 'MCMC-add': {'a_hat': [0.19081104126275528, -0.032973125167013506, -0.012542531436031063], 'b_hat': [0.0, 0.0, 0.0], 'sigma_hat': 0.5297848503878884, 'elapsed_s': 0.08606835699174553, 'sd_a': [0.0029499447532804444, 0.002945913240834367, 0.0028515653977892494], 'a_bias': [-0.023353718824290853, 0.007668376471448052, 0.038681741471122674], 'b_bias': [0.08137727282478778, -0.06159794225754957, -0.11289722927208917]}, 'MCMC-comb': {'a_hat': [0.19295127347476193, -0.0348310883084466, -0.007629596383763881], 'b_hat': [-0.0596928612249405, 0.045507602557768, 0.11127587496594048], 'sigma_hat': 0.525958319701848, 'elapsed_s': 30.879841986927204, 'sd_a': [0.0028272411171301366, 0.002800251981444331, 0.002651220084753416], 'nuts_rhat': 1.0007531046022355, 'nuts_ess': 5600.711356105348, 'nuts_divergences': 0, 'a_bias': [-0.0212134866122842, 0.00581041333001496, 0.04359467652338986], 'b_bias': [0.021684411599847284, -0.016090339699781568, -0.0016213543061486951]}}","[0.21416476008704613, -0.04064150163846156, -0.051224272907153735]","[-0.0212134866122842, 0.00581041333001496, 0.04359467652338986]","[-0.08137727282478778, 0.06159794225754957, 0.11289722927208917]","[0.021684411599847284, -0.016090339699781568, -0.0016213543061486951]"
6,1007142,32512,"[-0.0032831275216188326, -0.07789786936366677, -0.07060774103376674]","[0.06143063268122642, 0.06695998022204817, 0.023529741231020137]","[8.604790743918013e-06, 8.582535158954427e-06, 8.644959899917658e-06]","[1.5179641815590825e-05, 1.465441071716828e-05, 1.2507630569534871e-05]",576.2485101898055,1.4197850058792687e-124,True,"{'OLS': {'a_hat': [-0.004343365886800196, -0.0787021161015307, -0.06878497548390605], 'b_hat': [0.0, 0.0, 0.0], 'sigma_hat': None, 'elapsed_s': 0.00088514294475317, 'a_bias': [0.007051379878687312, 0.005313531594722101, 0.013663146085217903], 'b_bias': [-0.06505927878247011, -0.07432541712034423, -0.0543154268305195]}, 'ElasticNet': {'a_hat': [-0.0, -0.07352706326776733, -0.06391097615698514], 'b_hat': [0.0, 0.0, 0.0], 'sigma_hat': None, 'elapsed_s': 0.24107373703736812, 'a_bias': [0.011394745765487508, 0.010488584428485478, 0.018537145412138814], 'b_bias': [-0.06505927878247011, -0.07432541712034423, -0.0543154268305195]}, 'ISD-1': {'a_hat': [0.0, -0.07590383599462071, -0.06548073482153616], 'b_hat': [0.0, 0.0, 0.0], 'sigma_hat': None, 'elapsed_s': 0.17279845906887203, 'n_steps': 3, 'stopped_on': 'threshold', 'a_bias': [0.011394745765487508, 0.008111811701632096, 0.016967386747587798], 'b_bias': [-0.06505927878247011, -0.07432541712034423, -0.0543154268305195]}, 'ISD-3': {'a_hat': [-0.0012793527450154654, -0.07167736338377888, -0.0653216980315984], 'b_hat': [0.0, 0.0, 0.0], 'sigma_hat': None, 'elapsed_s': 0.15417726105079055, 'n_steps': 3, 'stopped_on': 'threshold', 'a_bias': [0.010115393020472043, 0.012338284312473927, 0.017126423537525554], 'b_bias': [-0.06505927878247011, -0.07432541712034423, -0.0543154268305195]}, 'MCMC-add': {'a_hat': [-0.004345370652660739, -0.07872876687071534, -0.06878250057172039], 'b_hat': [0.0, 0.0, 0.0], 'sigma_hat': 0.5521808762003948, 'elapsed_s': 0.089580312022008, 'sd_a': [0.003079138630443885, 0.0030723562522707733, 0.0029704492193909186], 'a_bias': [0.007049375112826769, 0.0052868808255374655, 0.013665620997403566], 'b_bias': [-0.06505927878247011, -0.07432541712034423, -0.0543154268305195]}, 'MCMC-comb': {'a_hat': [-0.0032831275216188326, -0.07789786936366677, -0.07060774103376674], 'b_hat': [0.06143063268122642, 0.06695998022204817, 0.023529741231020137], 'sigma_hat': 0.5496153158404669, 'elapsed_s': 31.636178652988747, 'sd_a': [0.0029333923610587813, 0.0029295964157123123, 0.002940231266400257], 'nuts_rhat': 1.0001405144311157, 'nuts_ess': 5448.537941087516, 'nuts_divergences': 0, 'a_bias': [0.008111618243868676, 0.006117778332586032, 0.011840380535357214], 'b_bias': [-0.0036286461012436932, -0.007365436898296052, -0.030785685599499363]}}","[-0.011394745765487508, -0.0840156476962528, -0.08244812156912396]","[0.008111618243868676, 0.006117778332586032, 0.011840380535357214]","[0.06505927878247011, 0.07432541712034423, 0.0543154268305195]","[-0.0036286461012436932, -0.007365436898296052, -0.030785685599499363]"
7,994251,32512,"[-0.06822939717085955, 0.022196020792032926, -0.0021968596162965704]","[0.010529028219700462, 0.08145949850826568, -0.006708969857734534]","[9.589499710854496e-06, 9.747664589553772e-06, 9.561317662930803e-06]","[1.4963946055424473e-05, 1.5404360320351833e-05, 1.1795067042736725e-05]",418.55295496305916,2.1194824339295582e-90,True,"{'OLS': {'a_hat': [-0.06840073904778293, 0.02073277279553703, -0.002890312673703441], 'b_hat': [0.0, 0.0, 0.0], 'sigma_hat': None, 'elapsed_s': 0.0008796409238129854, 'a_bias': [-0.0018497683189134945, -0.0024833595111349513, -0.014558893587776263], 'b_bias': [-0.021868859672901295, -0.087142877794819, -0.022359554877468227]}, 'ElasticNet': {'a_hat': [-0.05054325306288115, 0.003714143050660618, -0.0], 'b_hat': [0.0, 0.0, 0.0], 'sigma_hat': None, 'elapsed_s': 0.12159052991773933, 'a_bias': [0.01600771766598829, -0.019501989256011362, -0.011668580914072822], 'b_bias': [-0.021868859672901295, -0.087142877794819, -0.022359554877468227]}, 'ISD-1': {'a_hat': [-0.06315315005080048, 0.019605766548416753, 0.0], 'b_hat': [0.0, 0.0, 0.0], 'sigma_hat': None, 'elapsed_s': 0.1276168340118602, 'n_steps': 2, 'stopped_on': 'threshold', 'a_bias': [0.003397820678068958, -0.0036103657582552268, -0.011668580914072822], 'b_bias': [-0.021868859672901295, -0.087142877794819, -0.022359554877468227]}, 'ISD-3': {'a_hat': [-0.0627071111327969, 0.018436480815321774, 0.0], 'b_hat': [0.0, 0.0, 0.0], 'sigma_hat': None, 'elapsed_s': 0.11210757400840521, 'n_steps': 2, 'stopped_on': 'threshold', 'a_bias': [0.0038438595960725436, -0.004779651491350206, -0.011668580914072822], 'b_bias': [-0.021868859672901295, -0.087142877794819, -0.022359554877468227]}, 'MCMC-add': {'a_hat': [-0.06840717466222157, 0.020716014375459498, -0.002893097589768486], 'b_hat': [0.0, 0.0, 0.0], 'sigma_hat': 0.5741107858620513, 'elapsed_s': 0.07981492904946208, 'sd_a': [0.0031898308333160137, 0.003197743582492397, 0.003091014169608343], 'a_bias': [-0.0018562039333521324, -0.0025001179312124817, -0.014561678503841309], 'b_bias': [-0.021868859672901295, -0.087142877794819, -0.022359554877468227]}, 'MCMC-comb': {'a_hat': [-0.06822939717085955, 0.022196020792032926, -0.0021968596162965704], 'b_hat': [0.010529028219700462, 0.08145949850826568, -0.006708969857734534], 'sigma_hat': 0.5723479085091949, 'elapsed_s': 31.519195782020688, 'sd_a': [0.00309669173649146, 0.003122125011839496, 0.0030921380407302004], 'nuts_rhat': 0.9998263713747367, 'nuts_ess': 4966.320878964444, 'nuts_divergences': 0, 'a_bias': [-0.001678426441990108, -0.0010201115146390542, -0.013865440530369392], 'b_bias': [-0.011339831453200833, -0.005683379286553311, -0.02906852473520276]}}","[-0.06655097072886944, 0.02321613230667198, 0.011668580914072822]","[-0.001678426441990108, -0.0010201115146390542, -0.013865440530369392]","[0.021868859672901295, 0.087142877794819, 0.022359554877468227]","[-0.011339831453200833, -0.005683379286553311, -0.02906852473520276]"
8,995582,32512,"[0.06729197209404493, 0.006072167864815653, -0.03718736902869231]","[0.05112988382904455, -0.13171245189543623, -0.07363101090213729]","[1.0556813276711948e-05, 9.462209489461443e-06, 1.0190080072497443e-05]","[1.4236932731407834e-05, 1.3141163426689306e-05, 1.1015005286903975e-05]",1758.681886966362,0.0,True,"{'OLS': {'a_hat': [0.06669628936472788, 0.0046151501026679646, -0.05359134001433174], 'b_hat': [0.0, 0.0, 0.0], 'sigma_hat': None, 'elapsed_s': 0.0009063800098374486, 'a_bias': [-0.0011950669424616173, -0.0021427568462211817, -0.08250327988333016], 'b_bias': [-0.06312882258385404, 0.14571558198556664, 0.031967121635730136]}, 'ElasticNet': {'a_hat': [0.0626558673161643, 0.00077838391233639, -0.04985666995780047], 'b_hat': [0.0, 0.0, 0.0], 'sigma_hat': None, 'elapsed_s': 0.15397434309124947, 'a_bias': [-0.005235488991025203, -0.005979523036552756, -0.07876860982679888], 'b_bias': [-0.06312882258385404, 0.14571558198556664, 0.031967121635730136]}, 'ISD-1': {'a_hat': [0.06291611450768378, 0.0, 0.0], 'b_hat': [0.0, 0.0, 0.0], 'sigma_hat': None, 'elapsed_s': 0.09310642105992883, 'n_steps': 1, 'stopped_on': 'threshold', 'a_bias': [-0.004975241799505717, -0.006757906948889146, -0.028911939868998416], 'b_bias': [-0.06312882258385404, 0.14571558198556664, 0.031967121635730136]}, 'ISD-3': {'a_hat': [0.06258356828372026, 0.0, 0.0], 'b_hat': [0.0, 0.0, 0.0], 'sigma_hat': None, 'elapsed_s': 0.07143555302172899, 'n_steps': 1, 'stopped_on': 'threshold', 'a_bias': [-0.005307788023469234, -0.006757906948889146, -0.028911939868998416], 'b_bias': [-0.06312882258385404, 0.14571558198556664, 0.031967121635730136]}, 'MCMC-add': {'a_hat': [0.06672155311651383, 0.004636294553020994, -0.05358765163361446], 'b_hat': [0.0, 0.0, 0.0], 'sigma_hat': 0.625885534223646, 'elapsed_s': 0.06235744897276163, 'sd_a': [0.003483350557318476, 0.003480036629586212, 0.0033697770065419536], 'a_bias': [-0.0011698031906756667, -0.0021216123958681526, -0.08249959150261288], 'b_bias': [-0.06312882258385404, 0.14571558198556664, 0.031967121635730136]}, 'MCMC-comb': {'a_hat': [0.06729197209404493, 0.006072167864815653, -0.03718736902869231], 'b_hat': [0.05112988382904455, -0.13171245189543623, -0.07363101090213729], 'sigma_hat': 0.6170883683700374, 'elapsed_s': 30.986452384036966, 'sd_a': [0.0032491250017061437, 0.0030760704623693917, 0.003192190481863111], 'nuts_rhat': 1.0001786697617208, 'nuts_ess': 5236.349965286537, 'nuts_divergences': 0, 'a_bias': [-0.0005993842131445659, -0.0006857390840734933, -0.06609930889769072], 'b_bias': [-0.011998938754809486, 0.014003130090130406, -0.041663889266407156]}}","[0.0678913563071895, 0.006757906948889146, 0.028911939868998416]","[-0.0005993842131445659, -0.0006857390840734933, -0.06609930889769072]","[0.06312882258385404, -0.14571558198556664, -0.031967121635730136]","[-0.011998938754809486, 0.014003130090130406, -0.041663889266407156]"
9,946684,32512,"[-0.05827677514261019, -0.06751202359108864, 0.01986528384857978]","[0.11445691995062651, -0.07815204735052025, 0.13923554635176474]","[7.587922635356811e-06, 8.122935980188795e-06, 7.209368949791656e-06]","[1.1771353391125251e-05, 1.2141899325598506e-05, 1.01333505475579e-05]",2977.8077685036988,0.0,True,"{'OLS': {'a_hat': [-0.05702575067036557, -0.07086909669752132, 0.032643082558900346], 'b_hat': [0.0, 0.0, 0.0], 'sigma_hat': None, 'elapsed_s': 0.000913055962882936, 'a_bias': [-0.009988485241086018, -0.006981311873187124, 0.060157307681568725], 'b_bias': [-0.1494941311234396, 0.08658311156932433, -0.09682783545914808]}, 'ElasticNet': {'a_hat': [-0.05695164911049521, -0.070793361894406, 0.03257538047857502], 'b_hat': [0.0, 0.0, 0.0], 'sigma_hat': None, 'elapsed_s': 0.18592842400539666, 'a_bias': [-0.009914383681215659, -0.0069055770700718055, 0.06008960560124339], 'b_bias': [-0.1494941311234396, 0.08658311156932433, -0.09682783545914808]}, 'ISD-1': {'a_hat': [-0.052380103087579406, -0.06529097841583957, 0.0], 'b_hat': [0.0, 0.0, 0.0], 'sigma_hat': None, 'elapsed_s': 0.12384699506219476, 'n_steps': 2, 'stopped_on': 'threshold', 'a_bias': [-0.005342837658299855, -0.0014031935915053695, 0.027514225122668375], 'b_bias': [-0.1494941311234396, 0.08658311156932433, -0.09682783545914808]}, 'ISD-3': {'a_hat': [-0.05281680121186419, -0.06427555306270903, 0.0], 'b_hat': [0.0, 0.0, 0.0], 'sigma_hat': None, 'elapsed_s': 0.11123637191485614, 'n_steps': 2, 'stopped_on': 'threshold', 'a_bias': [-0.005779535782584638, -0.00038776823837483043, 0.027514225122668375], 'b_bias': [-0.1494941311234396, 0.08658311156932433, -0.09682783545914808]}, 'MCMC-add': {'a_hat': [-0.057029865904911846, -0.07085410116472002, 0.032666708421907976], 'b_hat': [0.0, 0.0, 0.0], 'sigma_hat': 0.575291235723628, 'elapsed_s': 0.1053045520093292, 'sd_a': [0.0032012096911070006, 0.003196198591622169, 0.0031005333747597956], 'a_bias': [-0.009992600475632295, -0.006966316340385817, 0.06018093354457635], 'b_bias': [-0.1494941311234396, 0.08658311156932433, -0.09682783545914808]}, 'MCMC-comb': {'a_hat': [-0.05827677514261019, -0.06751202359108864, 0.01986528384857978], 'b_hat': [0.11445691995062651, -0.07815204735052025, 0.13923554635176474], 'sigma_hat': 0.5611938751211616, 'elapsed_s': 31.665313274948858, 'sd_a': [0.0027546184191929034, 0.002850076486726066, 0.0026850268061588615], 'nuts_rhat': 1.0001773133782539, 'nuts_ess': 5204.905064294163, 'nuts_divergences': 0, 'a_bias': [-0.01123950971333064, -0.0036242387667544396, 0.04737950897124815], 'b_bias': [-0.03503721117281308, 0.008431064218804074, 0.04240771089261666]}}","[-0.04703726542927955, -0.0638877848243342, -0.027514225122668375]","[-0.01123950971333064, -0.0036242387667544396, 0.04737950897124815]","[0.1494941311234396, -0.08658311156932433, 0.09682783545914808]","[-0.03503721117281308, 0.008431064218804074, 0.04240771089261666]"
10,923845,32512,"[-0.18433669896858104, -0.04244765342051389, 0.0385009023812292]","[0.021334755142100727, 0.06339871111693687, 0.044091436785788155]","[9.617543057732482e-06, 8.541879884853402e-06, 8.970656320889242e-06]","[1.43478235288702e-05, 1.559335328457461e-05, 1.4727093348528553e-05]",389.52757670505525,4.1065893280523086e-84,True,"{'OLS': {'a_hat': [-0.18416194428866006, -0.04244076120444674, 0.03731787960924781], 'b_hat': [0.0, 0.0, 0.0], 'sigma_hat': None, 'elapsed_s': 0.0008863259572535753, 'a_bias': [-0.015874967127079587, -0.00895225820586925, 0.021042573098747252], 'b_bias': [-0.05862223313592782, -0.0711226579792855, -0.07933472351999253]}, 'ElasticNet': {'a_hat': [-0.18394600318337098, -0.0422493835283794, 0.03714151072428401], 'b_hat': [0.0, 0.0, 0.0], 'sigma_hat': None, 'elapsed_s': 0.2585432520136237, 'a_bias': [-0.015659026021790506, -0.00876088052980191, 0.020866204213783452], 'b_bias': [-0.05862223313592782, -0.0711226579792855, -0.07933472351999253]}, 'ISD-1': {'a_hat': [-0.18156710304608145, -0.039071122214039175, 0.0], 'b_hat': [0.0, 0.0, 0.0], 'sigma_hat': None, 'elapsed_s': 0.1367036069277674, 'n_steps': 3, 'stopped_on': 'threshold', 'a_bias': [-0.013280125884500976, -0.005582619215461687, -0.01627530651050056], 'b_bias': [-0.05862223313592782, -0.0711226579792855, -0.07933472351999253]}, 'ISD-3': {'a_hat': [-0.18011400071596562, -0.040084639694833925, 0.0], 'b_hat': [0.0, 0.0, 0.0], 'sigma_hat': None, 'elapsed_s': 0.1491368099814281, 'n_steps': 3, 'stopped_on': 'threshold', 'a_bias': [-0.011827023554385141, -0.006596136696256437, -0.01627530651050056], 'b_bias': [-0.05862223313592782, -0.0711226579792855, -0.07933472351999253]}, 'MCMC-add': {'a_hat': [-0.1841668345670241, -0.04243950226474123, 0.037312281315381925], 'b_hat': [0.0, 0.0, 0.0], 'sigma_hat': 0.560431412417804, 'elapsed_s': 0.07705697603523731, 'sd_a': [0.0031144648195669026, 0.0031157036812694927, 0.0030129394909009758], 'a_bias': [-0.01587985740544362, -0.008950999266163745, 0.021036974804881366], 'b_bias': [-0.05862223313592782, -0.0711226579792855, -0.07933472351999253]}, 'MCMC-comb': {'a_hat': [-0.18433669896858104, -0.04244765342051389, 0.0385009023812292], 'b_hat': [0.021334755142100727, 0.06339871111693687, 0.044091436785788155], 'sigma_hat': 0.5589383777098482, 'elapsed_s': 31.31300232000649, 'sd_a': [0.0031012163835715304, 0.0029226494632188446, 0.002995105393953482], 'nuts_rhat': 1.0002844842596241, 'nuts_ess': 5164.653375859607, 'nuts_divergences': 0, 'a_bias': [-0.016049721807000566, -0.008959150421936402, 0.02222559587072864], 'b_bias': [-0.03728747799382709, -0.007723946862348632, -0.035243286734204377]}}","[-0.16828697716158048, -0.03348850299857749, 0.01627530651050056]","[-0.016049721807000566, -0.008959150421936402, 0.02222559587072864]","[0.05862223313592782, 0.0711226579792855, 0.07933472351999253]","[-0.03728747799382709, -0.007723946862348632, -0.035243286734204377]"
11,967731,32512,"[-0.036319011069699626, -0.04406555411848104, 0.09765462272484036]","[-0.017814104775696504, -0.1202057745909582, -0.10449075364607265]","[1.0372834712307371e-05, 8.43667335802108e-06, 8.34658507984309e-06]","[1.3383940120304722e-05, 1.2344841106787092e-05, 1.3289141813025606e-05]",1672.9890396578267,0.0,True,"{'OLS': {'a_hat': [-0.03585711075819172, -0.04390697043815731, 0.10007153411365817], 'b_hat': [0.0, 0.0, 0.0], 'sigma_hat': None, 'elapsed_s': 0.0009520190069451928, 'a_bias': [-0.0009846035333479636, 0.0023282088282994065, 0.01427394598794278], 'b_bias': [0.01913043248816149, 0.1275686323337922, 0.11332872140034807]}, 'ElasticNet': {'a_hat': [-0.03574763468284862, -0.0437955879050869, 0.09996253549461206], 'b_hat': [0.0, 0.0, 0.0], 'sigma_hat': None, 'elapsed_s': 0.28816328395623714, 'a_bias': [-0.0008751274580048596, 0.002439591361369821, 0.014164947368896674], 'b_bias': [0.01913043248816149, 0.1275686323337922, 0.11332872140034807]}, 'ISD-1': {'a_hat': [-0.03400336087313375, -0.0421893449678674, 0.09065060718736298], 'b_hat': [0.0, 0.0, 0.0], 'sigma_hat': None, 'elapsed_s': 0.1895386369433254, 'n_steps': 3, 'stopped_on': 'threshold', 'a_bias': [0.0008691463517100095, 0.004045834298589318, 0.00485301906164759], 'b_bias': [0.01913043248816149, 0.1275686323337922, 0.11332872140034807]}, 'ISD-3': {'a_hat': [-0.03463171644755797, -0.042627617747412444, 0.09518557221003285], 'b_hat': [0.0, 0.0, 0.0], 'sigma_hat': None, 'elapsed_s': 0.1518245548941195, 'n_steps': 3, 'stopped_on': 'threshold', 'a_bias': [0.00024079077728578896, 0.003607561519044275, 0.009387984084317458], 'b_bias': [0.01913043248816149, 0.1275686323337922, 0.11332872140034807]}, 'MCMC-add': {'a_hat': [-0.035879607904377324, -0.04391371856905344, 0.10007556064731733], 'b_hat': [0.0, 0.0, 0.0], 'sigma_hat': 0.5906784538136243, 'elapsed_s': 0.0853620619745925, 'sd_a': [0.003290511094026008, 0.0032857117575944713, 0.003182240997366803], 'a_bias': [-0.0010071006795335652, 0.0023214606974032784, 0.014277972521601942], 'b_bias': [0.01913043248816149, 0.1275686323337922, 0.11332872140034807]}, 'MCMC-comb': {'a_hat': [-0.036319011069699626, -0.04406555411848104, 0.09765462272484036], 'b_hat': [-0.017814104775696504, -0.1202057745909582, -0.10449075364607265], 'sigma_hat': 0.5834472424650343, 'elapsed_s': 29.99207707203459, 'sd_a': [0.0032206885463061112, 0.0029045952141427693, 0.0028890457040073093], 'nuts_rhat': 0.9997527194131145, 'nuts_ess': 5563.17731790549, 'nuts_divergences': 0, 'a_bias': [-0.0014465038448558676, 0.0021696251479756817, 0.011857034599124974], 'b_bias': [0.0013163277124649854, 0.007362857742834003, 0.008837967754275422]}}","[-0.03487250722484376, -0.04623517926645672, 0.08579758812571539]","[-0.0014465038448558676, 0.0021696251479756817, 0.011857034599124974]","[-0.01913043248816149, -0.1275686323337922, -0.11332872140034807]","[0.0013163277124649854, 0.007362857742834003, 0.008837967754275422]"
12,962625,32512,"[-0.09638613247760017, 0.049401528997245404, 0.04133526921824846]","[0.05470514206746095, -0.02646355279257832, 0.01175560007201485]","[8.602110855938266e-06, 8.829624575737713e-06, 8.398832782826328e-06]","[1.5466883817496074e-05, 1.4950252787613706e-05, 1.810955461481592e-05]",245.5565183380968,5.9820945697761795e-53,True,"{'OLS': {'a_hat': [-0.09599771715057544, 0.04866120311510186, 0.041426977874018917], 'b_hat': [0.0, 0.0, 0.0], 'sigma_hat': None, 'elapsed_s': 0.0009301280369982123, 'a_bias': [-0.004052488550414304, -0.0010548712902745463, 0.027184404266962392], 'b_bias': [-0.06904853540677683, 0.04272526463365343, -0.015853969107671423]}, 'ElasticNet': {'a_hat': [-0.09589301862278611, 0.048559501165479864, 0.04133377976694214], 'b_hat': [0.0, 0.0, 0.0], 'sigma_hat': None, 'elapsed_s': 0.23908072605263442, 'a_bias': [-0.003947790022624978, -0.0011565732398965411, 0.027091206159885618], 'b_bias': [-0.06904853540677683, 0.04272526463365343, -0.015853969107671423]}, 'ISD-1': {'a_hat': [-0.09488475148373754, 0.04551362864751166, 0.0], 'b_hat': [0.0, 0.0, 0.0], 'sigma_hat': None, 'elapsed_s': 0.13322788302320987, 'n_steps': 3, 'stopped_on': 'threshold', 'a_bias': [-0.0029395228835764065, -0.004202445757864742, -0.014242573607056525], 'b_bias': [-0.06904853540677683, 0.04272526463365343, -0.015853969107671423]}, 'ISD-3': {'a_hat': [-0.08989464087996707, 0.045512612849546524, 0.0], 'b_hat': [0.0, 0.0, 0.0], 'sigma_hat': None, 'elapsed_s': 0.10648974101059139, 'n_steps': 2, 'stopped_on': 'threshold', 'a_bias': [0.0020505877201940637, -0.004203461555829881, -0.014242573607056525], 'b_bias': [-0.06904853540677683, 0.04272526463365343, -0.015853969107671423]}, 'MCMC-add': {'a_hat': [-0.09599650683843998, 0.0486444615717333, 0.041411323748270626], 'b_hat': [0.0, 0.0, 0.0], 'sigma_hat': 0.5315195736955682, 'elapsed_s': 0.06215122190769762, 'sd_a': [0.0029622913906653297, 0.002960084785202789, 0.002860232583643719], 'a_bias': [-0.0040512782382788465, -0.0010716128336431055, 0.0271687501412141], 'b_bias': [-0.06904853540677683, 0.04272526463365343, -0.015853969107671423]}, 'MCMC-comb': {'a_hat': [-0.09638613247760017, 0.049401528997245404, 0.04133526921824846], 'b_hat': [0.05470514206746095, -0.02646355279257832, 0.01175560007201485], 'sigma_hat': 0.5304128556433931, 'elapsed_s': 31.363358433009125, 'sd_a': [0.002932935535591989, 0.0029714684207875594, 0.0028980739781493377], 'nuts_rhat': 1.0003482863430764, 'nuts_ess': 5504.147636141298, 'nuts_divergences': 0, 'a_bias': [-0.004440903877439034, -0.0003145454081310006, 0.027092695611191937], 'b_bias': [-0.014343393339315877, 0.016261711841075107, -0.0040983690356565725]}}","[-0.09194522860016113, 0.049716074405376405, 0.014242573607056525]","[-0.004440903877439034, -0.0003145454081310006, 0.027092695611191937]","[0.06904853540677683, -0.04272526463365343, 0.015853969107671423]","[-0.014343393339315877, 0.016261711841075107, -0.0040983690356565725]"
13,952933,32512,"[0.060591561646205064, -0.030044234305213947, 0.002928124499229909]","[-0.05948039402335259, -0.04265883515349948, -0.056353245275100786]","[8.269958480480156e-06, 7.889520910661968e-06, 7.554368809841065e-06]","[1.4950181802608738e-05, 1.4982328669215648e-05, 1.2037796420019053e-05]",598.831767041127,1.8057178785323533e-129,True,"{'OLS': {'a_hat': [0.06088567749314694, -0.030994187397942692, 0.001585001843749832], 'b_hat': [0.0, 0.0, 0.0], 'sigma_hat': None, 'elapsed_s': 0.0009037319105118513, 'a_bias': [-0.0016733619035867314, -5.95334259188493e-05, -0.04409252191199132], 'b_bias': [0.06619259410666513, 0.03630538465650718, 0.03817378939983291]}, 'ElasticNet': {'a_hat': [0.0439678727803044, -0.014576377474381418, 0.0], 'b_hat': [0.0, 0.0, 0.0], 'sigma_hat': None, 'elapsed_s': 0.30833879893179983, 'a_bias': [-0.018591166616429268, 0.016358276497642425, -0.04567752375574115], 'b_bias': [0.06619259410666513, 0.03630538465650718, 0.03817378939983291]}, 'ISD-1': {'a_hat': [0.05448627431689588, -0.02912112669941853, 0.0], 'b_hat': [0.0, 0.0, 0.0], 'sigma_hat': None, 'elapsed_s': 0.1038729950087145, 'n_steps': 2, 'stopped_on': 'threshold', 'a_bias': [-0.008072765079837792, 0.0018135272726053121, -0.04567752375574115], 'b_bias': [0.06619259410666513, 0.03630538465650718, 0.03817378939983291]}, 'ISD-3': {'a_hat': [0.054910795736987365, -0.030999272271269786, 0.0], 'b_hat': [0.0, 0.0, 0.0], 'sigma_hat': None, 'elapsed_s': 0.1319378400221467, 'n_steps': 2, 'stopped_on': 'threshold', 'a_bias': [-0.007648243659746305, -6.461829924594292e-05, -0.04567752375574115], 'b_bias': [0.06619259410666513, 0.03630538465650718, 0.03817378939983291]}, 'MCMC-add': {'a_hat': [0.06088697380584138, -0.030982145480634687, 0.0015937775226254316], 'b_hat': [0.0, 0.0, 0.0], 'sigma_hat': 0.5291755807070748, 'elapsed_s': 0.06335279694758356, 'sd_a': [0.0029488556246929356, 0.0029346033213977444, 0.002849993239309934], 'a_bias': [-0.0016720655908922938, -4.749150861084461e-05, -0.044083746233115714], 'b_bias': [0.06619259410666513, 0.03630538465650718, 0.03817378939983291]}, 'MCMC-comb': {'a_hat': [0.060591561646205064, -0.030044234305213947, 0.002928124499229909], 'b_hat': [-0.05948039402335259, -0.04265883515349948, -0.056353245275100786], 'sigma_hat': 0.5266749218752884, 'elapsed_s': 31.72546132595744, 'sd_a': [0.0028757535500247857, 0.0028088290995825944, 0.0027485212041825444], 'nuts_rhat': 1.0001017271275556, 'nuts_ess': 5045.217936494315, 'nuts_divergences': 0, 'a_bias': [-0.0019674777505286067, 0.0008904196668098954, -0.042749399256511236], 'b_bias': [0.006712200083312539, -0.006353450496992305, -0.018179455875267876]}}","[0.06255903939673367, -0.030934653972023843, 0.04567752375574115]","[-0.0019674777505286067, 0.0008904196668098954, -0.042749399256511236]","[-0.06619259410666513, -0.03630538465650718, -0.03817378939983291]","[0.006712200083312539, -0.006353450496992305, -0.018179455875267876]"
14,993690,32512,"[-0.11133336033639275, 0.053367176634687895, -0.06401134519639774]","[-0.0005996507198115856, 0.07058846906855124, 0.031837630672169256]","[9.139299314872207e-06, 8.792966056945541e-06, 8.316168736859754e-06]","[1.6997432375440454e-05, 1.366942725467583e-05, 1.5765958891333254e-05]",385.38217133247235,3.245885677501478e-83,True,"{'OLS': {'a_hat': [-0.11142349166000483, 0.053507868209136465, -0.0637285875895648], 'b_hat': [0.0, 0.0, 0.0], 'sigma_hat': None, 'elapsed_s': 0.0008988929912447929, 'a_bias': [0.008160472898899138, 0.004810620130578279, -0.01678835356929241], 'b_bias': [-0.001249411872768743, -0.048074665890590895, -0.04465311760299441]}, 'ElasticNet': {'a_hat': [-0.11129899040928663, 0.05339160689745833, -0.06361729413386112], 'b_hat': [0.0, 0.0, 0.0], 'sigma_hat': None, 'elapsed_s': 0.11203325900714844, 'a_bias': [0.008284974149617333, 0.004694358818900145, -0.01667706011358873], 'b_bias': [-0.001249411872768743, -0.048074665890590895, -0.04465311760299441]}, 'ISD-1': {'a_hat': [-0.10160637864686967, 0.04961983377112031, 0.0], 'b_hat': [0.0, 0.0, 0.0], 'sigma_hat': None, 'elapsed_s': 0.10454778699204326, 'n_steps': 2, 'stopped_on': 'threshold', 'a_bias': [0.0179775859120343, 0.0009225856925621223, 0.04694023402027239], 'b_bias': [-0.001249411872768743, -0.048074665890590895, -0.04465311760299441]}, 'ISD-3': {'a_hat': [-0.10223523826529503, 0.04929727201916771, 0.0], 'b_hat': [0.0, 0.0, 0.0], 'sigma_hat': None, 'elapsed_s': 0.13485993398353457, 'n_steps': 2, 'stopped_on': 'threshold', 'a_bias': [0.017348726293608938, 0.0006000239406095259, 0.04694023402027239], 'b_bias': [-0.001249411872768743, -0.048074665890590895, -0.04465311760299441]}, 'MCMC-add': {'a_hat': [-0.11142562318569563, 0.05349583396077232, -0.06372378034986924], 'b_hat': [0.0, 0.0, 0.0], 'sigma_hat': 0.5521631723503562, 'elapsed_s': 0.06957250402774662, 'sd_a': [0.003065248085685424, 0.003063812390356274, 0.002961954016058272], 'a_bias': [0.008158341373208339, 0.004798585882214136, -0.016783546329596846], 'b_bias': [-0.001249411872768743, -0.048074665890590895, -0.04465311760299441]}, 'MCMC-comb': {'a_hat': [-0.11133336033639275, 0.053367176634687895, -0.06401134519639774], 'b_hat': [-0.0005996507198115856, 0.07058846906855124, 0.031837630672169256], 'sigma_hat': 0.55060805108838, 'elapsed_s': 31.748238918022253, 'sd_a': [0.003023127406324816, 0.0029652935869733947, 0.002883776818143137], 'nuts_rhat': 0.9998560662750735, 'nuts_ess': 5455.090497758257, 'nuts_divergences': 0, 'a_bias': [0.008250604222511213, 0.0046699285561297085, -0.01707111117612535], 'b_bias': [-0.0018490625925803288, 0.02251380317796034, -0.012815486930825154]}}","[-0.11958396455890397, 0.048697248078558186, -0.04694023402027239]","[0.008250604222511213, 0.0046699285561297085, -0.01707111117612535]","[0.001249411872768743, 0.048074665890590895, 0.04465311760299441]","[-0.0018490625925803288, 0.02251380317796034, -0.012815486930825154]"
15,956135,32512,"[0.06956202686409839, -0.011427788740480605, -0.0179407326993214]","[0.0002300026661859517, -0.13975139418433247, -0.11710923214747297]","[8.135667264883878e-06, 6.920810523189356e-06, 7.109213161933886e-06]","[1.3415506064341665e-05, 1.257813225594626e-05, 1.2238017492233721e-05]",2154.751313573819,0.0,True,"{'OLS': {'a_hat': [0.06982715678278575, -0.011707506718510063, -0.010428809471652827], 'b_hat': [0.0, 0.0, 0.0], 'sigma_hat': None, 'elapsed_s': 0.0009216099279001355, 'a_bias': [0.0032886458855071327, -0.0018589582675677015, 0.031901021732762554], 'b_bias': [0.007971821090639906, 0.16873344339580298, 0.14471124724230874]}, 'ElasticNet': {'a_hat': [0.06975302463700507, -0.01163633387698494, -0.010363228000534996], 'b_hat': [0.0, 0.0, 0.0], 'sigma_hat': None, 'elapsed_s': 0.12807198998052627, 'a_bias': [0.003214513739726449, -0.001787785426042578, 0.03196660320388038], 'b_bias': [0.007971821090639906, 0.16873344339580298, 0.14471124724230874]}, 'ISD-1': {'a_hat': [0.06395004417635404, -0.01038609352692012, 0.0], 'b_hat': [0.0, 0.0, 0.0], 'sigma_hat': None, 'elapsed_s': 0.1543398470385, 'n_steps': 2, 'stopped_on': 'threshold', 'a_bias': [-0.0025884667209245815, -0.0005375450759777575, 0.04232983120441538], 'b_bias': [0.007971821090639906, 0.16873344339580298, 0.14471124724230874]}, 'ISD-3': {'a_hat': [0.06491351552364583, -0.011052014746304267, 0.0], 'b_hat': [0.0, 0.0, 0.0], 'sigma_hat': None, 'elapsed_s': 0.11045071796979755, 'n_steps': 2, 'stopped_on': 'threshold', 'a_bias': [-0.0016249953736327954, -0.0012034662953619053, 0.04232983120441538], 'b_bias': [0.007971821090639906, 0.16873344339580298, 0.14471124724230874]}, 'MCMC-add': {'a_hat': [0.06983944428647156, -0.011690807877259062, -0.01044118608846882], 'b_hat': [0.0, 0.0, 0.0], 'sigma_hat': 0.5519282752722352, 'elapsed_s': 0.08672678796574473, 'sd_a': [0.0030714199368778628, 0.003059690245432772, 0.002958590975846672], 'a_bias': [0.0033009333891929338, -0.0018422594263166996, 0.03188864511594656], 'b_bias': [0.007971821090639906, 0.16873344339580298, 0.14471124724230874]}, 'MCMC-comb': {'a_hat': [0.06956202686409839, -0.011427788740480605, -0.0179407326993214], 'b_hat': [0.0002300026661859517, -0.13975139418433247, -0.11710923214747297], 'sigma_hat': 0.5434161952590681, 'elapsed_s': 32.567517275922, 'sd_a': [0.0028523091110333534, 0.0026307433404247848, 0.002666310777447724], 'nuts_rhat': 1.0007111074476374, 'nuts_ess': 5180.836619910883, 'nuts_divergences': 0, 'a_bias': [0.0030235159668197675, -0.0015792402895382432, 0.02438909850509398], 'b_bias': [0.008201823756825858, 0.028982049211470517, 0.027602015094835772]}}","[0.06653851089727862, -0.009848548450942362, -0.04232983120441538]","[0.0030235159668197675, -0.0015792402895382432, 0.02438909850509398]","[-0.007971821090639906, -0.16873344339580298, -0.14471124724230874]","[0.008201823756825858, 0.028982049211470517, 0.027602015094835772]"
16,972502,32512,"[-0.13015024854384857, -0.10193776316718452, 0.002732241754426881]","[-0.0864819990290939, -0.028518238917732735, 0.06622680937009862]","[9.748348578403203e-06, 9.833315814525561e-06, 9.528977205107495e-06]","[1.408004456304538e-05, 1.464673592686006e-05, 1.877438642735071e-05]",770.7741055973602,9.429649535481774e-167,True,"{'OLS': {'a_hat': [-0.130808170828151, -0.10194613394661405, -0.0018204577752645639], 'b_hat': [0.0, 0.0, 0.0], 'sigma_hat': None, 'elapsed_s': 0.0008841110393404961, 'a_bias': [0.0014617904072892485, -0.00222145118646587, -0.04179788044760823], 'b_bias': [0.09054790553600608, 0.03781625540393897, -0.12992282977860656]}, 'ElasticNet': {'a_hat': [-0.12524636132465933, -0.09654376005894443, -0.0], 'b_hat': [0.0, 0.0, 0.0], 'sigma_hat': None, 'elapsed_s': 0.14888077997602522, 'a_bias': [0.007023599910780914, 0.0031809227012037505, -0.039977422672343665], 'b_bias': [0.09054790553600608, 0.03781625540393897, -0.12992282977860656]}, 'ISD-1': {'a_hat': [-0.12751952552041987, -0.10059630883493145, 0.0], 'b_hat': [0.0, 0.0, 0.0], 'sigma_hat': None, 'elapsed_s': 0.21814963303040713, 'n_steps': 4, 'stopped_on': 'threshold', 'a_bias': [0.0047504357150203735, -0.0008716260747832771, -0.039977422672343665], 'b_bias': [0.09054790553600608, 0.03781625540393897, -0.12992282977860656]}, 'ISD-3': {'a_hat': [-0.12026717818354252, -0.09511104409763547, 0.0], 'b_hat': [0.0, 0.0, 0.0], 'sigma_hat': None, 'elapsed_s': 0.11151933099608868, 'n_steps': 2, 'stopped_on': 'threshold', 'a_bias': [0.012002783051897725, 0.004613638662512701, -0.039977422672343665], 'b_bias': [0.09054790553600608, 0.03781625540393897, -0.12992282977860656]}, 'MCMC-add': {'a_hat': [-0.13081737060131818, -0.10194350151981826, -0.0018440597285990104], 'b_hat': [0.0, 0.0, 0.0], 'sigma_hat': 0.5904202284673734, 'elapsed_s': 0.06298156501725316, 'sd_a': [0.003279449515539177, 0.0032881120730322622, 0.0031836027257112925], 'a_bias': [0.001452590634122064, -0.002218818759670088, -0.041821482400942675], 'b_bias': [0.09054790553600608, 0.03781625540393897, -0.12992282977860656]}, 'MCMC-comb': {'a_hat': [-0.13015024854384857, -0.10193776316718452, 0.002732241754426881], 'b_hat': [-0.0864819990290939, -0.028518238917732735, 0.06622680937009862], 'sigma_hat': 0.5878703160459875, 'elapsed_s': 31.967081294977106, 'sd_a': [0.003122234548909355, 0.003135811827027502, 0.0030869041457595495], 'nuts_rhat': 1.0004725970118942, 'nuts_ess': 4896.080306849393, 'nuts_divergences': 0, 'a_bias': [0.0021197126915916686, -0.0022130804070363413, -0.03724518091791679], 'b_bias': [0.004065906506912187, 0.009298016486206238, -0.06369602040850794]}}","[-0.13226996123544024, -0.09972468276014818, 0.039977422672343665]","[0.0021197126915916686, -0.0022130804070363413, -0.03724518091791679]","[-0.09054790553600608, -0.03781625540393897, 0.12992282977860656]","[0.004065906506912187, 0.009298016486206238, -0.06369602040850794]"
17,977946,32512,"[-0.03886997190188638, 0.07741308176742534, -0.08471716987796826]","[-0.016295942034267114, -0.06787726466748138, -0.05068438090873481]","[9.179736211582677e-06, 9.45849782644465e-06, 9.098441635234076e-06]","[1.6427619282255963e-05, 1.4417422985535626e-05, 1.1393890211696035e-05]",559.0888513701793,7.444810917773964e-121,True,"{'OLS': {'a_hat': [-0.03859340408005252, 0.07590733812409312, -0.08925808524921901], 'b_hat': [0.0, 0.0, 0.0], 'sigma_hat': None, 'elapsed_s': 0.000878096092492342, 'a_bias': [-0.002967006973909926, 0.002155781277384458, 0.0041036827517687], 'b_bias': [0.020543755786763002, 0.09500220549105813, 0.03390330759005625]}, 'ElasticNet': {'a_hat': [-0.03843017743039305, 0.0757410179346224, -0.08909859544773008], 'b_hat': [0.0, 0.0, 0.0], 'sigma_hat': None, 'elapsed_s': 0.10254734696354717, 'a_bias': [-0.0028037803242504586, 0.0019894610879137437, 0.00426317255325763], 'b_bias': [0.020543755786763002, 0.09500220549105813, 0.03390330759005625]}, 'ISD-1': {'a_hat': [-0.03407044678050777, 0.075026144092484, -0.0750560154592621], 'b_hat': [0.0, 0.0, 0.0], 'sigma_hat': None, 'elapsed_s': 0.19291878608055413, 'n_steps': 4, 'stopped_on': 'threshold', 'a_bias': [0.001555950325634825, 0.0012745872457753382, 0.018305752541725603], 'b_bias': [0.020543755786763002, 0.09500220549105813, 0.03390330759005625]}, 'ISD-3': {'a_hat': [-0.034266732863814556, 0.0686338877374982, -0.07906926978177088], 'b_hat': [0.0, 0.0, 0.0], 'sigma_hat': None, 'elapsed_s': 0.21378577291034162, 'n_steps': 3, 'stopped_on': 'threshold', 'a_bias': [0.0013596642423280361, -0.0051176691092104515, 0.014292498219216826], 'b_bias': [0.020543755786763002, 0.09500220549105813, 0.03390330759005625]}, 'MCMC-add': {'a_hat': [-0.038598221588469886, 0.0759105166456279, -0.08923147065262259], 'b_hat': [0.0, 0.0, 0.0], 'sigma_hat': 0.5690262262232795, 'elapsed_s': 0.07794146903324872, 'sd_a': [0.003172772419469991, 0.0031479050459754117, 0.0030651858115862242], 'a_bias': [-0.002971824482327294, 0.0021589597989192383, 0.0041302973483651195], 'b_bias': [0.020543755786763002, 0.09500220549105813, 0.03390330759005625]}, 'MCMC-comb': {'a_hat': [-0.03886997190188638, 0.07741308176742534, -0.08471716987796826], 'b_hat': [-0.016295942034267114, -0.06787726466748138, -0.05068438090873481], 'sigma_hat': 0.5663071830266766, 'elapsed_s': 31.495733457035385, 'sd_a': [0.0030298079496203514, 0.003075467090775749, 0.003016362318295678], 'nuts_rhat': 1.0000646321851683, 'nuts_ess': 5503.104793627834, 'nuts_divergences': 0, 'a_bias': [-0.0032435747957437894, 0.003661524920716683, 0.008644598123019445], 'b_bias': [0.004247813752495888, 0.02712494082357675, -0.016781073318678563]}}","[-0.03562639710614259, 0.07375155684670866, -0.09336176800098771]","[-0.0032435747957437894, 0.003661524920716683, 0.008644598123019445]","[-0.020543755786763002, -0.09500220549105813, -0.03390330759005625]","[0.004247813752495888, 0.02712494082357675, -0.016781073318678563]"
18,967631,32512,"[0.08088411281984323, -0.1700644409027972, 0.07654875072234436]","[0.02305263624452573, -0.05314729520811008, -0.0942073382420383]","[9.395382055828852e-06, 9.188420049829486e-06, 8.09334341105034e-06]","[1.5265435686920732e-05, 1.4953357430230122e-05, 1.4556679524997309e-05]",784.2393676782958,1.1331885218552208e-169,True,"{'OLS': {'a_hat': [0.07954065819769825, -0.16859216137398056, 0.0802703616130072], 'b_hat': [0.0, 0.0, 0.0], 'sigma_hat': None, 'elapsed_s': 0.0008882060647010803, 'a_bias': [-0.004490155548041316, 0.004139880945254332, 0.036827997258421466], 'b_bias': [-0.02377356023322779, 0.05941499556967944, 0.14460578543884547]}, 'ElasticNet': {'a_hat': [0.07935582364480587, -0.16839522854529024, 0.0800979162765533], 'b_hat': [0.0, 0.0, 0.0], 'sigma_hat': None, 'elapsed_s': 0.1780266900314018, 'a_bias': [-0.004674990100933696, 0.004336813773944653, 0.036655551921967566], 'b_bias': [-0.02377356023322779, 0.05941499556967944, 0.14460578543884547]}, 'ISD-1': {'a_hat': [0.07484234225141596, -0.1657581122378082, 0.07203491114471995], 'b_hat': [0.0, 0.0, 0.0], 'sigma_hat': None, 'elapsed_s': 0.22192924993578345, 'n_steps': 4, 'stopped_on': 'threshold', 'a_bias': [-0.0091884714943236, 0.006973930081426688, 0.02859254679013422], 'b_bias': [-0.02377356023322779, 0.05941499556967944, 0.14460578543884547]}, 'ISD-3': {'a_hat': [0.07646796768670078, -0.1654385704280774, 0.07457141109317171], 'b_hat': [0.0, 0.0, 0.0], 'sigma_hat': None, 'elapsed_s': 0.18955065193586051, 'n_steps': 4, 'stopped_on': 'threshold', 'a_bias': [-0.007562846059038786, 0.007293471891157477, 0.031129046738585978], 'b_bias': [-0.02377356023322779, 0.05941499556967944, 0.14460578543884547]}, 'MCMC-add': {'a_hat': [0.07955655267943883, -0.16858078393269482, 0.08028533044004278], 'b_hat': [0.0, 0.0, 0.0], 'sigma_hat': 0.5662169587400745, 'elapsed_s': 0.06767581007443368, 'sd_a': [0.003153060200724192, 0.003148777754014073, 0.003048776660189047], 'a_bias': [-0.004474261066300736, 0.004151258386540069, 0.03684296608545705], 'b_bias': [-0.02377356023322779, 0.05941499556967944, 0.14460578543884547]}, 'MCMC-comb': {'a_hat': [0.08088411281984323, -0.1700644409027972, 0.07654875072234436], 'b_hat': [0.02305263624452573, -0.05314729520811008, -0.0942073382420383], 'sigma_hat': 0.5628394051287523, 'elapsed_s': 31.011542799999006, 'sd_a': [0.0030651887471783612, 0.0030312406783080566, 0.00284488021031648], 'nuts_rhat': 1.0001921852946705, 'nuts_ess': 5326.524760949859, 'nuts_divergences': 0, 'a_bias': [-0.003146700925896334, 0.0026676014164376816, 0.03310638636775863], 'b_bias': [-0.0007209239887020595, 0.006267700361569359, 0.05039844719680718]}}","[0.08403081374573956, -0.1727320423192349, 0.04344236435458573]","[-0.003146700925896334, 0.0026676014164376816, 0.03310638636775863]","[0.02377356023322779, -0.05941499556967944, -0.14460578543884547]","[-0.0007209239887020595, 0.006267700361569359, 0.05039844719680718]"
19,959842,32512,"[0.005576316824310587, -0.05469601837485729, 0.03390824281195534]","[-0.0011007115307002755, 0.13430723372015155, 0.000702816226826898]","[7.738963830107908e-06, 7.369481036267151e-06, 8.049764809923545e-06]","[1.448607106598388e-05, 1.3031509470445941e-05, 1.3231736909979629e-05]",1204.6057216601475,7.343679415893774e-261,True,"{'OLS': {'a_hat': [0.005314646053721268, -0.054365252795781444, 0.033201569885562054], 'b_hat': [0.0, 0.0, 0.0], 'sigma_hat': None, 'elapsed_s': 0.0009890679502859712, 'a_bias': [-0.0018983047176656838, -0.0014159818894012022, 0.009933948750091657], 'b_bias': [-0.002185214552344288, -0.16017788913209155, 0.02393556274730243]}, 'ElasticNet': {'a_hat': [0.0, -0.03936401865162113, 0.0193579000024266], 'b_hat': [0.0, 0.0, 0.0], 'sigma_hat': None, 'elapsed_s': 0.42888419900555164, 'a_bias': [-0.007212950771386952, 0.013585252254759109, -0.003909721133043796], 'b_bias': [-0.002185214552344288, -0.16017788913209155, 0.02393556274730243]}, 'ISD-1': {'a_hat': [0.0, -0.04934190630246307, 0.0], 'b_hat': [0.0, 0.0, 0.0], 'sigma_hat': None, 'elapsed_s': 0.06827749498188496, 'n_steps': 1, 'stopped_on': 'threshold', 'a_bias': [-0.007212950771386952, 0.003607364603917168, -0.023267621135470398], 'b_bias': [-0.002185214552344288, -0.16017788913209155, 0.02393556274730243]}, 'ISD-3': {'a_hat': [0.0, -0.04819963099870811, 0.0], 'b_hat': [0.0, 0.0, 0.0], 'sigma_hat': None, 'elapsed_s': 0.06952917401213199, 'n_steps': 1, 'stopped_on': 'threshold', 'a_bias': [-0.007212950771386952, 0.004749639907672132, -0.023267621135470398], 'b_bias': [-0.002185214552344288, -0.16017788913209155, 0.02393556274730243]}, 'MCMC-add': {'a_hat': [0.005333779464503477, -0.054355744843520785, 0.03320032388775812], 'b_hat': [0.0, 0.0, 0.0], 'sigma_hat': 0.5383776391114568, 'elapsed_s': 0.0699597040656954, 'sd_a': [0.0029935977548307415, 0.0029977662061135128, 0.002896545391544051], 'a_bias': [-0.001879171306883475, -0.001406473937140544, 0.009932702752287723], 'b_bias': [-0.002185214552344288, -0.16017788913209155, 0.02393556274730243]}, 'MCMC-comb': {'a_hat': [0.005576316824310587, -0.05469601837485729, 0.03390824281195534], 'b_hat': [-0.0011007115307002755, 0.13430723372015155, 0.000702816226826898], 'sigma_hat': 0.5334264925949668, 'elapsed_s': 31.556441826047376, 'sd_a': [0.0027818993206275293, 0.0027146788090430056, 0.002837210744714524], 'nuts_rhat': 1.0002091480235251, 'nuts_ess': 4910.990677027127, 'nuts_divergences': 0, 'a_bias': [-0.0016366339470763646, -0.0017467474684770487, 0.010640621676484944], 'b_bias': [-0.003285926083044563, -0.025870655411940002, 0.024638378974129328]}}","[0.007212950771386952, -0.05294927090638024, 0.023267621135470398]","[-0.0016366339470763646, -0.0017467474684770487, 0.010640621676484944]","[0.002185214552344288, 0.16017788913209155, -0.02393556274730243]","[-0.003285926083044563, -0.025870655411940002, 0.024638378974129328]"
20,993471,32512,"[-0.0975161922427358, 0.01594774596491883, 0.0025244427299280937]","[0.11594739886301814, 0.06209933312882586, 0.002359985445692275]","[7.74307665923386e-06, 8.242217952496105e-06, 7.929592603835068e-06]","[1.2978438647752791e-05, 1.5099249009946998e-05, 1.469218990152097e-05]",1161.0411287174575,2.0790249696889617e-251,True,"{'OLS': {'a_hat': [-0.09637022681235899, 0.015912297288155238, 0.001676084637078548], 'b_hat': [0.0, 0.0, 0.0], 'sigma_hat': None, 'elapsed_s': 0.0009474239777773619, 'a_bias': [0.00597952244982751, -0.002015266207476378, -0.02032358376009797], 'b_bias': [-0.13591875752404367, -0.08351112459145786, -0.03568710591495094]}, 'ElasticNet': {'a_hat': [-0.08660510485723732, 0.00683426221476418, 0.0], 'b_hat': [0.0, 0.0, 0.0], 'sigma_hat': None, 'elapsed_s': 0.19586147007066756, 'a_bias': [0.015744644404949173, -0.011093301280867437, -0.021999668397176517], 'b_bias': [-0.13591875752404367, -0.08351112459145786, -0.03568710591495094]}, 'ISD-1': {'a_hat': [-0.0954732329790755, 0.01448497031926893, 0.0], 'b_hat': [0.0, 0.0, 0.0], 'sigma_hat': None, 'elapsed_s': 0.1372653340222314, 'n_steps': 3, 'stopped_on': 'threshold', 'a_bias': [0.006876516283110992, -0.0034425931763626856, -0.021999668397176517], 'b_bias': [-0.13591875752404367, -0.08351112459145786, -0.03568710591495094]}, 'ISD-3': {'a_hat': [-0.08907471860350175, 0.014449030874688623, 0.0], 'b_hat': [0.0, 0.0, 0.0], 'sigma_hat': None, 'elapsed_s': 0.10860276792664081, 'n_steps': 2, 'stopped_on': 'threshold', 'a_bias': [0.013275030658684753, -0.0034785326209429927, -0.021999668397176517], 'b_bias': [-0.13591875752404367, -0.08351112459145786, -0.03568710591495094]}, 'MCMC-add': {'a_hat': [-0.09637940571380571, 0.015934437404937975, 0.001671302742267861], 'b_hat': [0.0, 0.0, 0.0], 'sigma_hat': 0.545896152784679, 'elapsed_s': 0.08436839503701776, 'sd_a': [0.003046731843811969, 0.003028717250560456, 0.0029398682395512434], 'a_bias': [0.005970343548380788, -0.0019931260906936414, -0.020328365654908656], 'b_bias': [-0.13591875752404367, -0.08351112459145786, -0.03568710591495094]}, 'MCMC-comb': {'a_hat': [-0.0975161922427358, 0.01594774596491883, 0.0025244427299280937], 'b_hat': [0.11594739886301814, 0.06209933312882586, 0.002359985445692275], 'sigma_hat': 0.5406050947236871, 'elapsed_s': 31.831509474897757, 'sd_a': [0.0027826384348732516, 0.002870926323069978, 0.0028159532318266702], 'nuts_rhat': 1.0003926661229914, 'nuts_ess': 4950.112167135602, 'nuts_divergences': 0, 'a_bias': [0.004833557019450693, -0.0019798175307127845, -0.019475225667248422], 'b_bias': [-0.019971358661025534, -0.021411791462632, -0.03332712046925866]}}","[-0.1023497492621865, 0.017927563495631616, 0.021999668397176517]","[0.004833557019450693, -0.0019798175307127845, -0.019475225667248422]","[0.13591875752404367, 0.08351112459145786, 0.03568710591495094]","[-0.019971358661025534, -0.021411791462632, -0.03332712046925866]"
21,977486,32512,"[0.14266096037815224, -0.12029729506502725, -0.028883691577004808]","[-0.06766992609007239, -0.036161079978216056, -0.088665000425521]","[8.130234266818843e-06, 8.678514777919927e-06, 7.345721701633831e-06]","[1.397497060400442e-05, 1.342231281164901e-05, 1.4957436448250812e-05]",874.3651352119705,3.215922909963524e-189,True,"{'OLS': {'a_hat': [0.14269601030106133, -0.11920931789463253, -0.0237173192948609], 'b_hat': [0.0, 0.0, 0.0], 'sigma_hat': None, 'elapsed_s': 0.0009081729222089052, 'a_bias': [-0.0036342788208948706, -0.00033301246234743176, 0.04025783398011387], 'b_bias': [0.0926575941405525, 0.0389809803155768, 0.13766861475563089]}, 'ElasticNet': {'a_hat': [0.14253433767844828, -0.11904872632030004, -0.02358180521382179], 'b_hat': [0.0, 0.0, 0.0], 'sigma_hat': None, 'elapsed_s': 0.26413196499925107, 'a_bias': [-0.0037959514435079167, -0.00017242088801494582, 0.04039334806115298], 'b_bias': [0.0926575941405525, 0.0389809803155768, 0.13766861475563089]}, 'ISD-1': {'a_hat': [0.14188802124419703, -0.11807429471216153, 0.0], 'b_hat': [0.0, 0.0, 0.0], 'sigma_hat': None, 'elapsed_s': 0.1940669259056449, 'n_steps': 4, 'stopped_on': 'threshold', 'a_bias': [-0.004442267877759171, 0.0008020107201235638, 0.06397515327497477], 'b_bias': [0.0926575941405525, 0.0389809803155768, 0.13766861475563089]}, 'ISD-3': {'a_hat': [0.14053691194152057, -0.11213637986764494, 0.0], 'b_hat': [0.0, 0.0, 0.0], 'sigma_hat': None, 'elapsed_s': 0.15054852003231645, 'n_steps': 3, 'stopped_on': 'threshold', 'a_bias': [-0.005793377180435627, 0.006739925564640162, 0.06397515327497477], 'b_bias': [0.0926575941405525, 0.0389809803155768, 0.13766861475563089]}, 'MCMC-add': {'a_hat': [0.14268551041065045, -0.1192216998704927, -0.02372448560669316], 'b_hat': [0.0, 0.0, 0.0], 'sigma_hat': 0.5358087081911174, 'elapsed_s': 0.07914764690212905, 'sd_a': [0.0029943579515644744, 0.002980561274090879, 0.0028826888524467608], 'a_bias': [-0.0036447787113057517, -0.00034539443820760796, 0.040250667668281614], 'b_bias': [0.0926575941405525, 0.0389809803155768, 0.13766861475563089]}, 'MCMC-comb': {'a_hat': [0.14266096037815224, -0.12029729506502725, -0.028883691577004808], 'b_hat': [-0.06766992609007239, -0.036161079978216056, -0.088665000425521], 'sigma_hat': 0.5325092870435488, 'elapsed_s': 32.303181226947345, 'sd_a': [0.0028513565660609414, 0.002945931903136922, 0.0027102991904278447], 'nuts_rhat': 0.999873704036868, 'nuts_ess': 4907.515610288575, 'nuts_divergences': 0, 'a_bias': [-0.0036693287438039623, -0.0014209896327421478, 0.035091461697969964], 'b_bias': [0.02498766805048011, 0.0028199003373607437, 0.049003614330109885]}}","[0.1463302891219562, -0.1188763054322851, -0.06397515327497477]","[-0.0036693287438039623, -0.0014209896327421478, 0.035091461697969964]","[-0.0926575941405525, -0.0389809803155768, -0.13766861475563089]","[0.02498766805048011, 0.0028199003373607437, 0.049003614330109885]"
22,1020964,32512,"[0.05229124043575972, -0.020397103032975383, -0.14060311735254824]","[-0.07631470370827535, 0.015177122207505576, 0.06791014139219954]","[9.667907693782505e-06, 1.0306142638725691e-05, 8.812795441306238e-06]","[1.4851109106282225e-05, 1.5375747518048008e-05, 1.5451528083812554e-05]",672.6233892320015,1.81199548653806e-145,True,"{'OLS': {'a_hat': [0.05189922141499033, -0.021091422493708746, -0.1407508815297085], 'b_hat': [0.0, 0.0, 0.0], 'sigma_hat': None, 'elapsed_s': 0.0008774210000410676, 'a_bias': [-0.01161587326645011, 0.0011308472161685942, 0.006329747920557294], 'b_bias': [0.10155790812075416, -0.03135138474501953, -0.08381265678943811]}, 'ElasticNet': {'a_hat': [0.051742412947733116, -0.02093657814701399, -0.14059110271416625], 'b_hat': [0.0, 0.0, 0.0], 'sigma_hat': None, 'elapsed_s': 0.29139422497246414, 'a_bias': [-0.011772681733707324, 0.0012856915628633517, 0.006489526736099538], 'b_bias': [0.10155790812075416, -0.03135138474501953, -0.08381265678943811]}, 'ISD-1': {'a_hat': [0.05000842070193768, -0.019811499638731276, -0.1307034748927539], 'b_hat': [0.0, 0.0, 0.0], 'sigma_hat': None, 'elapsed_s': 0.16141617798712105, 'n_steps': 3, 'stopped_on': 'threshold', 'a_bias': [-0.01350667397950276, 0.0024107700711460643, 0.016377154557511875], 'b_bias': [0.10155790812075416, -0.03135138474501953, -0.08381265678943811]}, 'ISD-3': {'a_hat': [0.04912773207855338, -0.020172776452579703, -0.13099483690051553], 'b_hat': [0.0, 0.0, 0.0], 'sigma_hat': None, 'elapsed_s': 0.19994493201375008, 'n_steps': 3, 'stopped_on': 'threshold', 'a_bias': [-0.01438736260288706, 0.0020494932572976375, 0.01608579254975026], 'b_bias': [0.10155790812075416, -0.03135138474501953, -0.08381265678943811]}, 'MCMC-add': {'a_hat': [0.05189705428765895, -0.021073273855659363, -0.14073899721023106], 'b_hat': [0.0, 0.0, 0.0], 'sigma_hat': 0.574092556571939, 'elapsed_s': 0.10150564310606569, 'sd_a': [0.0031950745522829217, 0.0031963228562079623, 0.0030782171670777837], 'a_bias': [-0.01161804039378149, 0.0011489958542179775, 0.006341632240034728], 'b_bias': [0.10155790812075416, -0.03135138474501953, -0.08381265678943811]}, 'MCMC-comb': {'a_hat': [0.05229124043575972, -0.020397103032975383, -0.14060311735254824], 'b_hat': [-0.07631470370827535, 0.015177122207505576, 0.06791014139219954], 'sigma_hat': 0.5718636462178868, 'elapsed_s': 31.614719545003027, 'sd_a': [0.003109325922733496, 0.0032103181522593195, 0.0029686352826351434], 'nuts_rhat': 1.00016610788375, 'nuts_ess': 5277.7686179034745, 'nuts_divergences': 0, 'a_bias': [-0.011223854245680717, 0.0018251666769019577, 0.006477512097717547], 'b_bias': [0.025243204412478806, -0.016174262537513952, -0.015902515397238567]}}","[0.06351509468144044, -0.02222226970987734, -0.1470806294502658]","[-0.011223854245680717, 0.0018251666769019577, 0.006477512097717547]","[-0.10155790812075416, 0.03135138474501953, 0.08381265678943811]","[0.025243204412478806, -0.016174262537513952, -0.015902515397238567]"
23,939007,32512,"[0.20607715688413958, 0.3024968269962339, 0.08498181218728428]","[-0.05559819773548151, -0.12273955283089041, 0.06900431641041067]","[6.5557969779401815e-06, 6.564456158561004e-06, 6.0409300222234286e-06]","[1.3707066858385164e-05, 1.406616576456835e-05, 1.3033359989412305e-05]",1535.9151263139065,0.0,True,"{'OLS': {'a_hat': [0.20070454978399682, 0.2940489703782566, 0.08511641776056188], 'b_hat': [0.0, 0.0, 0.0], 'sigma_hat': None, 'elapsed_s': 0.0008802360389381647, 'a_bias': [0.0010314606148181527, 0.0026627237775236345, 0.043675474432962234], 'b_bias': [0.09895381200318643, 0.21320462807313093, -0.02677114623438358]}, 'ElasticNet': {'a_hat': [0.2003483020995084, 0.2936681119295719, 0.08481142663319266], 'b_hat': [0.0, 0.0, 0.0], 'sigma_hat': None, 'elapsed_s': 0.10892040992621332, 'a_bias': [0.0006752129303297383, 0.0022818653288388946, 0.04337048330559302], 'b_bias': [0.09895381200318643, 0.21320462807313093, -0.02677114623438358]}, 'ISD-1': {'a_hat': [0.2086563199775409, 0.3095982332910715, 0.09064871789409597], 'b_hat': [0.0, 0.0, 0.0], 'sigma_hat': None, 'elapsed_s': 0.30006047699134797, 'n_steps': 6, 'stopped_on': 'threshold', 'a_bias': [0.00898323080836222, 0.018211986690338522, 0.049207774566496325], 'b_bias': [0.09895381200318643, 0.21320462807313093, -0.02677114623438358]}, 'ISD-3': {'a_hat': [0.2042135497899598, 0.3029841732838177, 0.08634081443113037], 'b_hat': [0.0, 0.0, 0.0], 'sigma_hat': None, 'elapsed_s': 0.2697989239823073, 'n_steps': 6, 'stopped_on': 'threshold', 'a_bias': [0.004540460620781117, 0.011597926683084736, 0.04489987110353073], 'b_bias': [0.09895381200318643, 0.21320462807313093, -0.02677114623438358]}, 'MCMC-add': {'a_hat': [0.20071997320076365, 0.2940548338497721, 0.08512679954374351], 'b_hat': [0.0, 0.0, 0.0], 'sigma_hat': 0.48986752280125, 'elapsed_s': 0.08354187395889312, 'sd_a': [0.002727714035980447, 0.0027196392348513574, 0.002632920846187408], 'a_bias': [0.0010468840315849826, 0.0026685872490391227, 0.04368585621614387], 'b_bias': [0.09895381200318643, 0.21320462807313093, -0.02677114623438358]}, 'MCMC-comb': {'a_hat': [0.20607715688413958, 0.3024968269962339, 0.08498181218728428], 'b_hat': [-0.05559819773548151, -0.12273955283089041, 0.06900431641041067], 'sigma_hat': 0.484613592614348, 'elapsed_s': 32.619338004034944, 'sd_a': [0.002560429061298161, 0.0025621194660985277, 0.0024578303485438997], 'nuts_rhat': 1.000295692584337, 'nuts_ess': 5861.11739501186, 'nuts_divergences': 0, 'a_bias': [0.006404067714960909, 0.011110580395500946, 0.04354086885968463], 'b_bias': [0.043355614267704914, 0.09046507524224051, 0.042233170176027096]}}","[0.19967308916917867, 0.291386246600733, 0.04144094332759964]","[0.006404067714960909, 0.011110580395500946, 0.04354086885968463]","[-0.09895381200318643, -0.21320462807313093, 0.02677114623438358]","[0.043355614267704914, 0.09046507524224051, 0.042233170176027096]"
24,979887,32512,"[-0.07748883431562419, -0.03686065250747082, -0.0859642316192392]","[-0.01415387195210201, 0.10609113903394113, -0.004476409592776203]","[8.87013267686016e-06, 8.312924101436302e-06, 7.955266907852617e-06]","[1.604359986806112e-05, 1.2381632883993651e-05, 1.3978445455321493e-05]",780.3803778188521,7.783998550176582e-169,True,"{'OLS': {'a_hat': [-0.07701963148935033, -0.03589723001934134, -0.08630969090436673], 'b_hat': [0.0, 0.0, 0.0], 'sigma_hat': None, 'elapsed_s': 0.0008985990425571799, 'a_bias': [0.004274478041682281, 0.005638495998627195, -0.02510001099838592], 'b_bias': [0.014079088641638527, -0.10659802307876437, -0.01570485674453446]}, 'ElasticNet': {'a_hat': [-0.0759601512490316, -0.03488753818722998, -0.08530126383000551], 'b_hat': [0.0, 0.0, 0.0], 'sigma_hat': None, 'elapsed_s': 0.2037148829549551, 'a_bias': [0.005333958282001006, 0.006648187830738561, -0.024091583924024704], 'b_bias': [0.014079088641638527, -0.10659802307876437, -0.01570485674453446]}, 'ISD-1': {'a_hat': [-0.06948463468829519, -0.03338710885769143, -0.07998572839151626], 'b_hat': [0.0, 0.0, 0.0], 'sigma_hat': None, 'elapsed_s': 0.17871347593609244, 'n_steps': 3, 'stopped_on': 'threshold', 'a_bias': [0.011809474842737422, 0.008148617160277108, -0.01877604848553545], 'b_bias': [0.014079088641638527, -0.10659802307876437, -0.01570485674453446]}, 'ISD-3': {'a_hat': [-0.0698575324584323, -0.03232693269158387, -0.08033758790888701], 'b_hat': [0.0, 0.0, 0.0], 'sigma_hat': None, 'elapsed_s': 0.1466784180374816, 'n_steps': 3, 'stopped_on': 'threshold', 'a_bias': [0.011436577072600304, 0.009208793326384669, -0.019127908002906202], 'b_bias': [0.014079088641638527, -0.10659802307876437, -0.01570485674453446]}, 'MCMC-add': {'a_hat': [-0.0770244744717725, -0.035904977842427785, -0.08630728677760185], 'b_hat': [0.0, 0.0, 0.0], 'sigma_hat': 0.5459183702134345, 'elapsed_s': 0.0657280960585922, 'sd_a': [0.0030424475696348113, 0.0030331803231434446, 0.0029326616627763863], 'a_bias': [0.0042696350592601046, 0.0056307481755407535, -0.025097606871621048], 'b_bias': [0.014079088641638527, -0.10659802307876437, -0.01570485674453446]}, 'MCMC-comb': {'a_hat': [-0.07748883431562419, -0.03686065250747082, -0.0859642316192392], 'b_hat': [-0.01415387195210201, 0.10609113903394113, -0.004476409592776203], 'sigma_hat': 0.5426310648926215, 'elapsed_s': 31.104351369896904, 'sd_a': [0.002978276796548662, 0.002883214196246318, 0.0028205082711902506], 'nuts_rhat': 1.0005842053053535, 'nuts_ess': 4995.075718589677, 'nuts_divergences': 0, 'a_bias': [0.003805275215408424, 0.004675073510497715, -0.024754551713258396], 'b_bias': [-7.478331046348319e-05, -0.0005068840448232415, -0.020181266337310665]}}","[-0.08129410953103261, -0.04153572601796854, -0.06120967990598081]","[0.003805275215408424, 0.004675073510497715, -0.024754551713258396]","[-0.014079088641638527, 0.10659802307876437, 0.01570485674453446]","[-7.478331046348319e-05, -0.0005068840448232415, -0.020181266337310665]"
25,962817,32512,"[-0.01498154344234196, -0.10202428714952513, -0.1562698022228321]","[-0.04039418151523289, -0.011434192844206627, 0.1323252000546563]","[8.674633278622762e-06, 8.523421886996244e-06, 7.353018424452255e-06]","[1.5678518924340047e-05, 1.5111948726388467e-05, 1.1851331575463294e-05]",1427.3581480204157,3.40899837131408e-309,True,"{'OLS': {'a_hat': [-0.01635536773070955, -0.10179409809717589, -0.15061734384727946], 'b_hat': [0.0, 0.0, 0.0], 'sigma_hat': None, 'elapsed_s': 0.0009326939471065998, 'a_bias': [-0.0004918840268407186, 0.0017712771854052761, 0.016850950623156252], 'b_bias': [0.04863079090733309, 0.00537825508183205, -0.17679299135798832]}, 'ElasticNet': {'a_hat': [-0.014712822245544894, -0.10003140191595129, -0.14886702079645167], 'b_hat': [0.0, 0.0, 0.0], 'sigma_hat': None, 'elapsed_s': 0.2162778020137921, 'a_bias': [0.0011506614583239386, 0.003533973366629875, 0.018601273673984037], 'b_bias': [0.04863079090733309, 0.00537825508183205, -0.17679299135798832]}, 'ISD-1': {'a_hat': [-0.016706512716680652, -0.10145177253526151, -0.14529227052823368], 'b_hat': [0.0, 0.0, 0.0], 'sigma_hat': None, 'elapsed_s': 0.22377096791751683, 'n_steps': 4, 'stopped_on': 'threshold', 'a_bias': [-0.0008430290128118197, 0.0021136027473196567, 0.022176023942202028], 'b_bias': [0.04863079090733309, 0.00537825508183205, -0.17679299135798832]}, 'ISD-3': {'a_hat': [-0.016128197319619585, -0.10061329722932189, -0.1426067798843057], 'b_hat': [0.0, 0.0, 0.0], 'sigma_hat': None, 'elapsed_s': 0.21478676097467542, 'n_steps': 4, 'stopped_on': 'threshold', 'a_bias': [-0.0002647136157507522, 0.0029520780532592827, 0.024861514586130007], 'b_bias': [0.04863079090733309, 0.00537825508183205, -0.17679299135798832]}, 'MCMC-add': {'a_hat': [-0.016343478053157577, -0.10175768705530393, -0.15059499113408037], 'b_hat': [0.0, 0.0, 0.0], 'sigma_hat': 0.5394900627994091, 'elapsed_s': 0.07758142706006765, 'sd_a': [0.0030020926922680207, 0.0030121122240459233, 0.0028983471002991756], 'a_bias': [-0.0004799943492887447, 0.0018076882272772404, 0.01687330333635534], 'b_bias': [0.04863079090733309, 0.00537825508183205, -0.17679299135798832]}, 'MCMC-comb': {'a_hat': [-0.01498154344234196, -0.10202428714952513, -0.1562698022228321], 'b_hat': [-0.04039418151523289, -0.011434192844206627, 0.1323252000546563], 'sigma_hat': 0.5338328392912468, 'elapsed_s': 31.563740101992153, 'sd_a': [0.002945273039740588, 0.0029194900046063256, 0.002711644966519816], 'nuts_rhat': 1.000340199747765, 'nuts_ess': 5135.71389889933, 'nuts_divergences': 0, 'a_bias': [0.0008819402615268725, 0.0015410881330560344, 0.011198492247603609], 'b_bias': [0.008236609392100198, -0.0060559377623745775, -0.044467791303332005]}}","[-0.015863483703868832, -0.10356537528258117, -0.1674682944704357]","[0.0008819402615268725, 0.0015410881330560344, 0.011198492247603609]","[-0.04863079090733309, -0.00537825508183205, 0.17679299135798832]","[0.008236609392100198, -0.0060559377623745775, -0.044467791303332005]"
26,1004082,32512,"[0.006591106562870113, 0.0935680694375048, -0.04151863005094713]","[-0.11493236585576494, -0.07798307971874839, -0.06651164876915006]","[9.356884113989562e-06, 9.772603837038712e-06, 8.74688510939351e-06]","[1.1415279003313188e-05, 1.3281640653822866e-05, 1.1467457240217162e-05]",1637.8284585282963,0.0,True,"{'OLS': {'a_hat': [0.006898954088435175, 0.09271670919219752, -0.04049435003775221], 'b_hat': [0.0, 0.0, 0.0], 'sigma_hat': None, 'elapsed_s': 0.0009223109809681773, 'a_bias': [-0.006128498058853411, -0.005557241910108243, 0.009435209816162998], 'b_bias': [0.11849437664170247, 0.0965116762232372, 0.07252260645357532]}, 'ElasticNet': {'a_hat': [0.00477596318873811, 0.09038993169213724, -0.038439123485102804], 'b_hat': [0.0, 0.0, 0.0], 'sigma_hat': None, 'elapsed_s': 0.3042683959938586, 'a_bias': [-0.008251488958550476, -0.007884019410168516, 0.011490436368812404], 'b_bias': [0.11849437664170247, 0.0965116762232372, 0.07252260645357532]}, 'ISD-1': {'a_hat': [0.006684745620167965, 0.0923355256450173, 0.0], 'b_hat': [0.0, 0.0, 0.0], 'sigma_hat': None, 'elapsed_s': 0.1876211459748447, 'n_steps': 3, 'stopped_on': 'threshold', 'a_bias': [-0.006342706527120621, -0.005938425457288454, 0.04992955985391521], 'b_bias': [0.11849437664170247, 0.0965116762232372, 0.07252260645357532]}, 'ISD-3': {'a_hat': [0.0, 0.08758214276862634, 0.0], 'b_hat': [0.0, 0.0, 0.0], 'sigma_hat': None, 'elapsed_s': 0.09651321498677135, 'n_steps': 1, 'stopped_on': 'threshold', 'a_bias': [-0.013027452147288586, -0.010691808333679415, 0.04992955985391521], 'b_bias': [0.11849437664170247, 0.0965116762232372, 0.07252260645357532]}, 'MCMC-add': {'a_hat': [0.006907425143429007, 0.092703548893037, -0.04049829689223208], 'b_hat': [0.0, 0.0, 0.0], 'sigma_hat': 0.5902548785344046, 'elapsed_s': 0.07743225106969476, 'sd_a': [0.003282862474056371, 0.0032806079644585083, 0.0031800761835180597], 'a_bias': [-0.0061200270038595786, -0.005570402209268757, 0.009431262961683125], 'b_bias': [0.11849437664170247, 0.0965116762232372, 0.07252260645357532]}, 'MCMC-comb': {'a_hat': [0.006591106562870113, 0.0935680694375048, -0.04151863005094713], 'b_hat': [-0.11493236585576494, -0.07798307971874839, -0.06651164876915006], 'sigma_hat': 0.5829175543601759, 'elapsed_s': 31.481096776900813, 'sd_a': [0.003058902436167189, 0.0031261164145051784, 0.0029575133320736712], 'nuts_rhat': 1.000007081860156, 'nuts_ess': 5800.293011942285, 'nuts_divergences': 0, 'a_bias': [-0.006436345584418473, -0.004705881664800959, 0.008410929802968078], 'b_bias': [0.0035620107859375277, 0.018528596504488806, 0.006010957684425264]}}","[0.013027452147288586, 0.09827395110230576, -0.04992955985391521]","[-0.006436345584418473, -0.004705881664800959, 0.008410929802968078]","[-0.11849437664170247, -0.0965116762232372, -0.07252260645357532]","[0.0035620107859375277, 0.018528596504488806, 0.006010957684425264]"
27,971621,32512,"[0.21034800657785546, -0.0783924724655687, 0.07484916991820344]","[-0.06863287163818202, 0.0776385379199518, 0.02042774358609843]","[7.833676445161393e-06, 7.793805039280824e-06, 7.768915928756474e-06]","[1.5213735199722836e-05, 1.4323411025533592e-05, 1.2732106062277048e-05]",689.1059661035833,4.833399207252397e-149,True,"{'OLS': {'a_hat': [0.21031155093575765, -0.07799719219820335, 0.07337824740456504], 'b_hat': [0.0, 0.0, 0.0], 'sigma_hat': None, 'elapsed_s': 0.0009397929534316063, 'a_bias': [-0.0025354223077588, 0.0041414757242352745, -0.010470672969069464], 'b_bias': [0.09029271780870264, -0.09315730128742442, -0.03849509661058632]}, 'ElasticNet': {'a_hat': [0.21001670232508207, -0.07773816273780784, 0.07313352153783215], 'b_hat': [0.0, 0.0, 0.0], 'sigma_hat': None, 'elapsed_s': 0.24194964196067303, 'a_bias': [-0.00283027091843438, 0.004400505184630782, -0.010715398835802359], 'b_bias': [0.09029271780870264, -0.09315730128742442, -0.03849509661058632]}, 'ISD-1': {'a_hat': [0.2050482214555388, -0.07469492862555772, 0.06993967524343986], 'b_hat': [0.0, 0.0, 0.0], 'sigma_hat': None, 'elapsed_s': 0.20698561205063015, 'n_steps': 4, 'stopped_on': 'threshold', 'a_bias': [-0.007798751787977648, 0.0074437392968809, -0.013909245130194647], 'b_bias': [0.09029271780870264, -0.09315730128742442, -0.03849509661058632]}, 'ISD-3': {'a_hat': [0.20559155006045032, -0.07470585861284729, 0.0], 'b_hat': [0.0, 0.0, 0.0], 'sigma_hat': None, 'elapsed_s': 0.15041404799558222, 'n_steps': 3, 'stopped_on': 'threshold', 'a_bias': [-0.007255423183066129, 0.007432809309591337, -0.0838489203736345], 'b_bias': [0.09029271780870264, -0.09315730128742442, -0.03849509661058632]}, 'MCMC-add': {'a_hat': [0.21032758727330547, -0.07801459152651066, 0.07336795247820269], 'b_hat': [0.0, 0.0, 0.0], 'sigma_hat': 0.5221631712466196, 'elapsed_s': 0.07949852896854281, 'sd_a': [0.00290318136913793, 0.002908176293788818, 0.002817601834258295], 'a_bias': [-0.00251938597021098, 0.004124076395927961, -0.01048096789543182], 'b_bias': [0.09029271780870264, -0.09315730128742442, -0.03849509661058632]}, 'MCMC-comb': {'a_hat': [0.21034800657785546, -0.0783924724655687, 0.07484916991820344], 'b_hat': [-0.06863287163818202, 0.0776385379199518, 0.02042774358609843], 'sigma_hat': 0.5198673609598532, 'elapsed_s': 32.624658614979126, 'sd_a': [0.002798870565989323, 0.002791738712573371, 0.00278727751197409], 'nuts_rhat': 1.0002082365397043, 'nuts_ess': 4722.94800929056, 'nuts_divergences': 0, 'a_bias': [-0.00249896666566099, 0.0037461954568699246, -0.008999750455431069], 'b_bias': [0.021659846170520622, -0.015518763367472613, -0.01806735302448789]}}","[0.21284697324351645, -0.08213866792243862, 0.0838489203736345]","[-0.00249896666566099, 0.0037461954568699246, -0.008999750455431069]","[-0.09029271780870264, 0.09315730128742442, 0.03849509661058632]","[0.021659846170520622, -0.015518763367472613, -0.01806735302448789]"
28,964867,32512,"[-0.020323476283207548, -0.004703321763558547, -0.08620949657720435]","[0.02845250561747885, -0.053008459244653985, -0.12152247007764626]","[8.99657389728046e-06, 8.585071907547198e-06, 7.189592787247127e-06]","[1.4080112495020942e-05, 1.3737862645060245e-05, 1.1200955433107523e-05]",1351.0298481551945,1.2450582246675554e-292,True,"{'OLS': {'a_hat': [-0.020547435057612327, -0.0063119145949880615, -0.08897553641209982], 'b_hat': [0.0, 0.0, 0.0], 'sigma_hat': None, 'elapsed_s': 0.0009123479248955846, 'a_bias': [-0.004883645291803285, -0.002235661981444659, -0.023496766869160773], 'b_bias': [-0.04460722014820806, 0.045498348034078005, 0.12256057637672482]}, 'ElasticNet': {'a_hat': [-0.01829797987519625, -0.004115178049421974, -0.08671359547833728], 'b_hat': [0.0, 0.0, 0.0], 'sigma_hat': None, 'elapsed_s': 0.33128920500166714, 'a_bias': [-0.002634190109387209, -3.89254358785715e-05, -0.02123482593539823], 'b_bias': [-0.04460722014820806, 0.045498348034078005, 0.12256057637672482]}, 'ISD-1': {'a_hat': [-0.016800687629863146, -0.005715406435602829, -0.08100598426834016], 'b_hat': [0.0, 0.0, 0.0], 'sigma_hat': None, 'elapsed_s': 0.15268572804052383, 'n_steps': 3, 'stopped_on': 'threshold', 'a_bias': [-0.0011368978640541039, -0.0016391538220594266, -0.015527214725401112], 'b_bias': [-0.04460722014820806, 0.045498348034078005, 0.12256057637672482]}, 'ISD-3': {'a_hat': [-0.016539051246573684, 0.0, -0.08193061427107837], 'b_hat': [0.0, 0.0, 0.0], 'sigma_hat': None, 'elapsed_s': 0.11151242803316563, 'n_steps': 2, 'stopped_on': 'threshold', 'a_bias': [-0.0008752614807646421, 0.0040762526135434025, -0.01645184472813932], 'b_bias': [-0.04460722014820806, 0.045498348034078005, 0.12256057637672482]}, 'MCMC-add': {'a_hat': [-0.02054469366463706, -0.006322712598254763, -0.08898011292040102], 'b_hat': [0.0, 0.0, 0.0], 'sigma_hat': 0.5566848850645085, 'elapsed_s': 0.07126781600527465, 'sd_a': [0.003095842480353432, 0.0031047440872309638, 0.0029941874574389528], 'a_bias': [-0.004880903898828018, -0.0022464599847113603, -0.023501343377461972], 'b_bias': [-0.04460722014820806, 0.045498348034078005, 0.12256057637672482]}, 'MCMC-comb': {'a_hat': [-0.020323476283207548, -0.004703321763558547, -0.08620949657720435], 'b_hat': [0.02845250561747885, -0.053008459244653985, -0.12152247007764626], 'sigma_hat': 0.5504089467140717, 'elapsed_s': 31.352764376904815, 'sd_a': [0.0029994289285263055, 0.002930029335612051, 0.0026813416021177023], 'nuts_rhat': 1.0008245487736351, 'nuts_ess': 4770.2904864069815, 'nuts_divergences': 0, 'a_bias': [-0.004659686517398506, -0.0006270691500151445, -0.020730727034265303], 'b_bias': [-0.01615471453072921, -0.00751011121057598, 0.0010381062990785644]}}","[-0.015663789765809042, -0.0040762526135434025, -0.06547876954293905]","[-0.004659686517398506, -0.0006270691500151445, -0.020730727034265303]","[0.04460722014820806, -0.045498348034078005, -0.12256057637672482]","[-0.01615471453072921, -0.00751011121057598, 0.0010381062990785644]"
29,1021081,32512,"[-0.12360571596953827, 0.01543747451317321, 0.13218752962256053]","[0.00839047859594182, -0.005534081686633868, 0.014933832379107174]","[9.011010315916648e-06, 9.728768712140153e-06, 9.311024814912974e-06]","[1.5895304145856855e-05, 1.4674617738329206e-05, 1.5110987972379821e-05]",21.049361364392098,0.00010282022638888496,True,"{'OLS': {'a_hat': [-0.12367838950471344, 0.015590459342278559, 0.13153904470564992], 'b_hat': [0.0, 0.0, 0.0], 'sigma_hat': None, 'elapsed_s': 0.0009353690547868609, 'a_bias': [0.004115367927248509, -0.0016683324299333908, -0.026370080935393586], 'b_bias': [-0.015999161357343826, 0.011863832610988258, -0.02858261396025429]}, 'ElasticNet': {'a_hat': [-0.1218669009035567, 0.013926005633564744, 0.12982789599774783], 'b_hat': [0.0, 0.0, 0.0], 'sigma_hat': None, 'elapsed_s': 0.3398161689983681, 'a_bias': [0.005926856528405244, -0.0033327861386472056, -0.02808122964329568], 'b_bias': [-0.015999161357343826, 0.011863832610988258, -0.02858261396025429]}, 'ISD-1': {'a_hat': [-0.12384514863980349, 0.013551590820917397, 0.1241917068071163], 'b_hat': [0.0, 0.0, 0.0], 'sigma_hat': None, 'elapsed_s': 0.223543134983629, 'n_steps': 4, 'stopped_on': 'threshold', 'a_bias': [0.003948608792158456, -0.0037072009512945526, -0.033717418833927204], 'b_bias': [-0.015999161357343826, 0.011863832610988258, -0.02858261396025429]}, 'ISD-3': {'a_hat': [-0.12386424718914613, 0.013547304956145673, 0.12392075939588021], 'b_hat': [0.0, 0.0, 0.0], 'sigma_hat': None, 'elapsed_s': 0.21203817101195455, 'n_steps': 4, 'stopped_on': 'threshold', 'a_bias': [0.00392951024281582, -0.003711486816066277, -0.0339883662451633], 'b_bias': [-0.015999161357343826, 0.011863832610988258, -0.02858261396025429]}, 'MCMC-add': {'a_hat': [-0.12369659986639074, 0.01560108404356241, 0.1315410358398742], 'b_hat': [0.0, 0.0, 0.0], 'sigma_hat': 0.5584284103988888, 'elapsed_s': 0.0797418609727174, 'sd_a': [0.003116126635079488, 0.003109310024262117, 0.0030152108107495885], 'a_bias': [0.004097157565571205, -0.0016577077286495396, -0.02636808980116931], 'b_bias': [-0.015999161357343826, 0.011863832610988258, -0.02858261396025429]}, 'MCMC-comb': {'a_hat': [-0.12360571596953827, 0.01543747451317321, 0.13218752962256053], 'b_hat': [0.00839047859594182, -0.005534081686633868, 0.014933832379107174], 'sigma_hat': 0.5583670227192588, 'elapsed_s': 31.405121723073535, 'sd_a': [0.003001834491759439, 0.0031190974194693173, 0.0030513971906182542], 'nuts_rhat': 1.0007105539647156, 'nuts_ess': 5224.110927766331, 'nuts_divergences': 0, 'a_bias': [0.004188041462423672, -0.0018213172590387395, -0.02572159601848298], 'b_bias': [-0.007608682761402006, 0.006329750924354389, -0.013648781581147115]}}","[-0.12779375743196195, 0.01725879177221195, 0.1579091256410435]","[0.004188041462423672, -0.0018213172590387395, -0.02572159601848298]","[0.015999161357343826, -0.011863832610988258, 0.02858261396025429]","[-0.007608682761402006, 0.006329750924354389, -0.013648781581147115]"
30,939548,32512,"[0.13254826877964557, 0.02045762679601392, -0.04634382746949783]","[0.10944093808308586, 0.03936221335130657, 0.1349465601132756]","[8.058234849296102e-06, 8.82305928899468e-06, 7.563681985930007e-06]","[1.322682141398439e-05, 1.3889915104234738e-05, 1.2307898908269168e-05]",2000.5695220276466,0.0,True,"{'OLS': {'a_hat': [0.13266778497518533, 0.021382809321099098, -0.04796710457992727], 'b_hat': [0.0, 0.0, 0.0], 'sigma_hat': None, 'elapsed_s': 0.0008940029656514525, 'a_bias': [0.0020676108045028507, -0.000555440815286537, -0.006874381496553547], 'b_bias': [-0.1106288710059889, -0.042875643846161354, -0.1535755991995992]}, 'ElasticNet': {'a_hat': [0.13197657625018816, 0.02075491821617099, -0.047369871317277025], 'b_hat': [0.0, 0.0, 0.0], 'sigma_hat': None, 'elapsed_s': 0.1322789629921317, 'a_bias': [0.0013764020795056786, -0.0011833319202146433, -0.006277148233903303], 'b_bias': [-0.1106288710059889, -0.042875643846161354, -0.1535755991995992]}, 'ISD-1': {'a_hat': [0.1317463674366982, 0.0197836453436541, 0.0], 'b_hat': [0.0, 0.0, 0.0], 'sigma_hat': None, 'elapsed_s': 0.15765950607601553, 'n_steps': 3, 'stopped_on': 'threshold', 'a_bias': [0.001146193266015727, -0.002154604792731534, 0.04109272308337372], 'b_bias': [-0.1106288710059889, -0.042875643846161354, -0.1535755991995992]}, 'ISD-3': {'a_hat': [0.13026256093372682, 0.019388108960913083, 0.0], 'b_hat': [0.0, 0.0, 0.0], 'sigma_hat': None, 'elapsed_s': 0.14973936590831727, 'n_steps': 3, 'stopped_on': 'threshold', 'a_bias': [-0.0003376132369556639, -0.002550141175472552, 0.04109272308337372], 'b_bias': [-0.1106288710059889, -0.042875643846161354, -0.1535755991995992]}, 'MCMC-add': {'a_hat': [0.13265813375725347, 0.021385427512051743, -0.04798599214605444], 'b_hat': [0.0, 0.0, 0.0], 'sigma_hat': 0.5636727465588445, 'elapsed_s': 0.10427336301654577, 'sd_a': [0.0031362906305388003, 0.0031423861353542934, 0.0030451386134926713], 'a_bias': [0.0020579595865709843, -0.0005528226243338916, -0.006893269062680715], 'b_bias': [-0.1106288710059889, -0.042875643846161354, -0.1535755991995992]}, 'MCMC-comb': {'a_hat': [0.13254826877964557, 0.02045762679601392, -0.04634382746949783], 'b_hat': [0.10944093808308586, 0.03936221335130657, 0.1349465601132756], 'sigma_hat': 0.5559013348814754, 'elapsed_s': 32.30223449203186, 'sd_a': [0.0028387030223847127, 0.002970363494421967, 0.0027502148981361453], 'nuts_rhat': 1.0001207984237317, 'nuts_ess': 4980.730830056596, 'nuts_divergences': 0, 'a_bias': [0.0019480946089630857, -0.0014806233403717138, -0.005251104386124104], 'b_bias': [-0.0011879329229030344, -0.003513430494854787, -0.0186290390863236]}}","[0.13060017417068248, 0.021938250136385635, -0.04109272308337372]","[0.0019480946089630857, -0.0014806233403717138, -0.005251104386124104]","[0.1106288710059889, 0.042875643846161354, 0.1535755991995992]","[-0.0011879329229030344, -0.003513430494854787, -0.0186290390863236]"
31,959203,32512,"[0.014777889168972734, -0.12714210092682562, -0.13333570503415]","[0.13727892027910177, 0.13358123186675752, -0.03321974045828481]","[6.345766549718485e-06, 6.5770190840672155e-06, 6.9804032874559e-06]","[1.0738639219162046e-05, 1.1235553200075395e-05, 1.0104301477331647e-05]",2759.7084568198698,0.0,True,"{'OLS': {'a_hat': [0.017282500947137566, -0.12280582908680832, -0.13606981047802943], 'b_hat': [0.0, 0.0, 0.0], 'sigma_hat': None, 'elapsed_s': 0.0009189679985865951, 'a_bias': [-0.001040942775053049, -0.00035892591475827906, 0.0007461094465370799], 'b_bias': [-0.16509279322312498, -0.17236657207832973, 0.017951921328260064]}, 'ElasticNet': {'a_hat': [0.01560880193247182, -0.12092777346008868, -0.13431212122727912], 'b_hat': [0.0, 0.0, 0.0], 'sigma_hat': None, 'elapsed_s': 0.20655418699607253, 'a_bias': [-0.002714641789718794, 0.001519129711961359, 0.002503798697287396], 'b_bias': [-0.16509279322312498, -0.17236657207832973, 0.017951921328260064]}, 'ISD-1': {'a_hat': [0.0190417175645303, -0.12294571423870418, -0.12943845428207082], 'b_hat': [0.0, 0.0, 0.0], 'sigma_hat': None, 'elapsed_s': 0.20293662906624377, 'n_steps': 4, 'stopped_on': 'threshold', 'a_bias': [0.000718273842339686, -0.0004988110666541423, 0.007377465642495695], 'b_bias': [-0.16509279322312498, -0.17236657207832973, 0.017951921328260064]}, 'ISD-3': {'a_hat': [0.019423693756666766, -0.12035133826988421, -0.13063580622123266], 'b_hat': [0.0, 0.0, 0.0], 'sigma_hat': None, 'elapsed_s': 0.1918850070796907, 'n_steps': 4, 'stopped_on': 'threshold', 'a_bias': [0.0011002500344761516, 0.0020955649021658224, 0.0061801137033338505], 'b_bias': [-0.16509279322312498, -0.17236657207832973, 0.017951921328260064]}, 'MCMC-add': {'a_hat': [0.01728165158761506, -0.12282324881937222, -0.13607550531867563], 'b_hat': [0.0, 0.0, 0.0], 'sigma_hat': 0.53183044922267, 'elapsed_s': 0.07889350107870996, 'sd_a': [0.002969440037235331, 0.00295915764473492, 0.0028615583647483736], 'a_bias': [-0.0010417921345755553, -0.0003763456473221821, 0.0007404146058908878], 'b_bias': [-0.16509279322312498, -0.17236657207832973, 0.017951921328260064]}, 'MCMC-comb': {'a_hat': [0.014777889168972734, -0.12714210092682562, -0.13333570503415], 'b_hat': [0.13727892027910177, 0.13358123186675752, -0.03321974045828481], 'sigma_hat': 0.5195407643960803, 'elapsed_s': 30.908072893042117, 'sd_a': [0.002519080496871524, 0.0025645699608447445, 0.0026420452848987847], 'nuts_rhat': 1.0000674082517422, 'nuts_ess': 5091.304658938621, 'nuts_divergences': 0, 'a_bias': [-0.0035455545532178806, -0.004695197754775587, 0.0034802148904165275], 'b_bias': [-0.02781387294402321, -0.038785340211572206, -0.015267819130024746]}}","[0.018323443722190615, -0.12244690317205004, -0.13681591992456651]","[-0.0035455545532178806, -0.004695197754775587, 0.0034802148904165275]","[0.16509279322312498, 0.17236657207832973, -0.017951921328260064]","[-0.02781387294402321, -0.038785340211572206, -0.015267819130024746]"
32,980593,32512,"[-0.041277035432625564, 0.14515700321280475, -0.1032477668222585]","[-0.10062622156854463, 0.07332077649298283, -0.03787124544417007]","[7.972697068397317e-06, 8.317835683821707e-06, 7.940032258678767e-06]","[1.365870017132943e-05, 1.3807201525727765e-05, 1.5092793774007779e-05]",1050.7197997592011,1.7872723250918308e-227,True,"{'OLS': {'a_hat': [-0.041384796552421145, 0.14454059178166753, -0.09958681791723857], 'b_hat': [0.0, 0.0, 0.0], 'sigma_hat': None, 'elapsed_s': 0.0009318030206486583, 'a_bias': [-0.0030660644388223676, -0.0016038374425526858, 0.011117750287110234], 'b_bias': [0.08947270189558265, -0.06433267946890445, 0.03946051228595896]}, 'ElasticNet': {'a_hat': [-0.041005472462035814, 0.1441306087351126, -0.09921385297129372], 'b_hat': [0.0, 0.0, 0.0], 'sigma_hat': None, 'elapsed_s': 0.13171350699849427, 'a_bias': [-0.002686740348437036, -0.002013820489107615, 0.011490715233055088], 'b_bias': [0.08947270189558265, -0.06433267946890445, 0.03946051228595896]}, 'ISD-1': {'a_hat': [-0.03576607825060046, 0.1408442596037002, -0.09536725401083294], 'b_hat': [0.0, 0.0, 0.0], 'sigma_hat': None, 'elapsed_s': 0.18643907201476395, 'n_steps': 4, 'stopped_on': 'threshold', 'a_bias': [0.0025526538629983206, -0.005300169620520018, 0.01533731419351586], 'b_bias': [0.08947270189558265, -0.06433267946890445, 0.03946051228595896]}, 'ISD-3': {'a_hat': [-0.03597634371927433, 0.1411175258940971, -0.09159315808804255], 'b_hat': [0.0, 0.0, 0.0], 'sigma_hat': None, 'elapsed_s': 0.272014727932401, 'n_steps': 4, 'stopped_on': 'threshold', 'a_bias': [0.002342388394324449, -0.0050269033301231225, 0.01911141011630625], 'b_bias': [0.08947270189558265, -0.06433267946890445, 0.03946051228595896]}, 'MCMC-add': {'a_hat': [-0.04138099262542938, 0.14453207414796754, -0.09959380875452697], 'b_hat': [0.0, 0.0, 0.0], 'sigma_hat': 0.5369907169909363, 'elapsed_s': 0.08374590601306409, 'sd_a': [0.0029893799573386505, 0.002988401777247941, 0.0028739803426012307], 'a_bias': [-0.003062260511830603, -0.0016123550762526806, 0.01111075944982183], 'b_bias': [0.08947270189558265, -0.06433267946890445, 0.03946051228595896]}, 'MCMC-comb': {'a_hat': [-0.041277035432625564, 0.14515700321280475, -0.1032477668222585], 'b_hat': [-0.10062622156854463, 0.07332077649298283, -0.03787124544417007], 'sigma_hat': 0.5331992251590081, 'elapsed_s': 32.17451709206216, 'sd_a': [0.002823596477614554, 0.002884065825154084, 0.0028178062848036177], 'nuts_rhat': 1.000090274864833, 'nuts_ess': 5249.377784948626, 'nuts_divergences': 0, 'a_bias': [-0.0029583033190267866, -0.0009874260114154654, 0.007456801382090303], 'b_bias': [-0.011153519672961978, 0.008988097024078379, 0.0015892668417888944]}}","[-0.03831873211359878, 0.14614442922422022, -0.1107045682043488]","[-0.0029583033190267866, -0.0009874260114154654, 0.007456801382090303]","[-0.08947270189558265, 0.06433267946890445, -0.03946051228595896]","[-0.011153519672961978, 0.008988097024078379, 0.0015892668417888944]"
33,954151,32512,"[-0.012990522827280979, -0.0209992348640239, 0.08054358221334795]","[0.1036059188991434, 0.0032049186212353676, 0.1366801042114742]","[9.400014647900653e-06, 9.96485594668548e-06, 8.461077710259083e-06]","[1.0750725085787008e-05, 1.4437074005668495e-05, 8.228944426496009e-06]",2557.9370442647414,0.0,True,"{'OLS': {'a_hat': [-0.007149314182950596, -0.018820165482340532, 0.10073751635732577], 'b_hat': [0.0, 0.0, 0.0], 'sigma_hat': None, 'elapsed_s': 0.0009046320337802172, 'a_bias': [-0.006637127510943466, -0.002475875629889275, 0.0669800614774324], 'b_bias': [-0.1407481861313717, -0.009058490690174555, -0.0643938793276858]}, 'ElasticNet': {'a_hat': [-0.003418468741225541, -0.015008887583289998, 0.09691066411304308], 'b_hat': [0.0, 0.0, 0.0], 'sigma_hat': None, 'elapsed_s': 0.3149585929932073, 'a_bias': [-0.0029062820692184114, 0.0013354022691612587, 0.06315320923314972], 'b_bias': [-0.1407481861313717, -0.009058490690174555, -0.0643938793276858]}, 'ISD-1': {'a_hat': [-0.007941662320688256, -0.01749003791661167, 0.07611365134399474], 'b_hat': [0.0, 0.0, 0.0], 'sigma_hat': None, 'elapsed_s': 0.1590891130035743, 'n_steps': 3, 'stopped_on': 'threshold', 'a_bias': [-0.007429475648681126, -0.0011457480641604116, 0.04235619646410138], 'b_bias': [-0.1407481861313717, -0.009058490690174555, -0.0643938793276858]}, 'ISD-3': {'a_hat': [0.0, -0.01830864049853637, 0.08611825027465671], 'b_hat': [0.0, 0.0, 0.0], 'sigma_hat': None, 'elapsed_s': 0.11168330302461982, 'n_steps': 2, 'stopped_on': 'threshold', 'a_bias': [0.0005121866720071296, -0.0019643506460851126, 0.05236079539476335], 'b_bias': [-0.1407481861313717, -0.009058490690174555, -0.0643938793276858]}, 'MCMC-add': {'a_hat': [-0.007137836337517102, -0.01880503864106328, 0.1007340134663244], 'b_hat': [0.0, 0.0, 0.0], 'sigma_hat': 0.6090289443432577, 'elapsed_s': 0.0866138229612261, 'sd_a': [0.003372173930925994, 0.0033708239087073093, 0.00327815878863816], 'a_bias': [-0.006625649665509973, -0.0024607487886120216, 0.06697655858643105], 'b_bias': [-0.1407481861313717, -0.009058490690174555, -0.0643938793276858]}, 'MCMC-comb': {'a_hat': [-0.012990522827280979, -0.0209992348640239, 0.08054358221334795], 'b_hat': [0.1036059188991434, 0.0032049186212353676, 0.1366801042114742], 'sigma_hat': 0.594899047267601, 'elapsed_s': 32.29673547798302, 'sd_a': [0.0030659443321594494, 0.0031567160066571526, 0.0029087931707598397], 'nuts_rhat': 0.9998297125120562, 'nuts_ess': 5065.267956851356, 'nuts_divergences': 0, 'a_bias': [-0.012478336155273849, -0.004654945011572643, 0.046786127333454594], 'b_bias': [-0.037142267232228285, -0.005853572068939187, 0.0722862248837884]}}","[-0.0005121866720071296, -0.016344289852451257, 0.03375745487989336]","[-0.012478336155273849, -0.004654945011572643, 0.046786127333454594]","[0.1407481861313717, 0.009058490690174555, 0.0643938793276858]","[-0.037142267232228285, -0.005853572068939187, 0.0722862248837884]"
34,925080,32512,"[-0.20723105266010564, -0.003663154590103702, -0.09133957269526437]","[-0.12511305661045188, -0.07652531277209983, -0.05893491591985277]","[7.708865114075806e-06, 8.427876347081984e-06, 7.786097406623194e-06]","[1.3071326606623161e-05, 1.5042004673218292e-05, 1.3172658880362318e-05]",1593.488943452161,0.0,True,"{'OLS': {'a_hat': [-0.20813598082471768, -0.0036544091365218745, -0.09426772499593214], 'b_hat': [0.0, 0.0, 0.0], 'sigma_hat': None, 'elapsed_s': 0.0009119219612330198, 'a_bias': [-0.003118770721615427, 0.001217431056489921, -0.009944697966645016], 'b_bias': [0.1218813060423628, 0.08781523669287508, 0.03341234407008121]}, 'ElasticNet': {'a_hat': [-0.20457050521739112, -0.0007175619988364029, -0.0912130109235853], 'b_hat': [0.0, 0.0, 0.0], 'sigma_hat': None, 'elapsed_s': 0.24286993907298893, 'a_bias': [0.00044670488571113554, 0.004154278194175393, -0.0068899838942981795], 'b_bias': [0.1218813060423628, 0.08781523669287508, 0.03341234407008121]}, 'ISD-1': {'a_hat': [-0.20140875952175807, 0.0, -0.08947538047996967], 'b_hat': [0.0, 0.0, 0.0], 'sigma_hat': None, 'elapsed_s': 0.15383198100607842, 'n_steps': 3, 'stopped_on': 'threshold', 'a_bias': [0.0036084505813441803, 0.0048718401930117955, -0.005152353450682545], 'b_bias': [0.1218813060423628, 0.08781523669287508, 0.03341234407008121]}, 'ISD-3': {'a_hat': [-0.2003489048226085, 0.0, -0.09363810774334168], 'b_hat': [0.0, 0.0, 0.0], 'sigma_hat': None, 'elapsed_s': 0.14540812803898007, 'n_steps': 3, 'stopped_on': 'threshold', 'a_bias': [0.004668305280493751, 0.0048718401930117955, -0.009315080714054555], 'b_bias': [0.1218813060423628, 0.08781523669287508, 0.03341234407008121]}, 'MCMC-add': {'a_hat': [-0.20813573009773365, -0.003647880360118985, -0.09425435343515638], 'b_hat': [0.0, 0.0, 0.0], 'sigma_hat': 0.5487986374753197, 'elapsed_s': 0.07243395003024489, 'sd_a': [0.0030640644776401544, 0.003051658145730174, 0.0029594927547264703], 'a_bias': [-0.0031185199946313913, 0.0012239598328928104, -0.009931326405869259], 'b_bias': [0.1218813060423628, 0.08781523669287508, 0.03341234407008121]}, 'MCMC-comb': {'a_hat': [-0.20723105266010564, -0.003663154590103702, -0.09133957269526437], 'b_hat': [-0.12511305661045188, -0.07652531277209983, -0.05893491591985277], 'sigma_hat': 0.5428188846246249, 'elapsed_s': 31.567040472989902, 'sd_a': [0.0027764843082711283, 0.002903080492697711, 0.002790357935216053], 'nuts_rhat': 1.0001701712340345, 'nuts_ess': 5283.932339752104, 'nuts_divergences': 0, 'a_bias': [-0.0022138425570033815, 0.0012086856029080934, -0.007016545665977245], 'b_bias': [-0.0032317505680890812, 0.011289923920775255, -0.02552257184977156]}}","[-0.20501721010310225, -0.0048718401930117955, -0.08432302702928712]","[-0.0022138425570033815, 0.0012086856029080934, -0.007016545665977245]","[-0.1218813060423628, -0.08781523669287508, -0.03341234407008121]","[-0.0032317505680890812, 0.011289923920775255, -0.02552257184977156]"
35,979563,32512,"[0.08766646564818596, -0.12625652017827146, 0.003051720615292758]","[-0.0448998716190232, -0.028606831223780042, 0.041018062736138984]","[9.30519699005809e-06, 9.532046682638283e-06, 8.82305143926533e-06]","[1.4212416400189171e-05, 1.6115310145919435e-05, 1.4170919710441236e-05]",301.15147048736253,5.604754943220266e-65,True,"{'OLS': {'a_hat': [0.08797374160357536, -0.12531776276762402, 0.005021681649676318], 'b_hat': [0.0, 0.0, 0.0], 'sigma_hat': None, 'elapsed_s': 0.0009026640327647328, 'a_bias': [-0.0036165126320259477, 0.007321509006332383, 0.001958532390234573], 'b_bias': [0.04841694333335785, 0.03276730943619609, -0.10027578253046042]}, 'ElasticNet': {'a_hat': [0.0816100319329472, -0.11882246586312778, 0.0], 'b_hat': [0.0, 0.0, 0.0], 'sigma_hat': None, 'elapsed_s': 0.14338415989186615, 'a_bias': [-0.009980222302654107, 0.013816805910828622, -0.003063149259441745], 'b_bias': [0.04841694333335785, 0.03276730943619609, -0.10027578253046042]}, 'ISD-1': {'a_hat': [0.08169808937174769, -0.12216357767689094, 0.0], 'b_hat': [0.0, 0.0, 0.0], 'sigma_hat': None, 'elapsed_s': 0.15971620695199817, 'n_steps': 3, 'stopped_on': 'threshold', 'a_bias': [-0.009892164863853622, 0.01047569409706546, -0.003063149259441745], 'b_bias': [0.04841694333335785, 0.03276730943619609, -0.10027578253046042]}, 'ISD-3': {'a_hat': [0.08136389846896937, -0.12197400120672447, 0.0], 'b_hat': [0.0, 0.0, 0.0], 'sigma_hat': None, 'elapsed_s': 0.1754464500118047, 'n_steps': 3, 'stopped_on': 'threshold', 'a_bias': [-0.010226355766631945, 0.010665270567231933, -0.003063149259441745], 'b_bias': [0.04841694333335785, 0.03276730943619609, -0.10027578253046042]}, 'MCMC-add': {'a_hat': [0.08795496154221324, -0.12531537201005225, 0.005038257817714436], 'b_hat': [0.0, 0.0, 0.0], 'sigma_hat': 0.5668974832240068, 'elapsed_s': 0.11734595499001443, 'sd_a': [0.0031491950778989954, 0.0031611001398621696, 0.0030517118828318427], 'a_bias': [-0.0036352926933880675, 0.007323899763904157, 0.0019751085582726913], 'b_bias': [0.04841694333335785, 0.03276730943619609, -0.10027578253046042]}, 'MCMC-comb': {'a_hat': [0.08766646564818596, -0.12625652017827146, 0.003051720615292758], 'b_hat': [-0.0448998716190232, -0.028606831223780042, 0.041018062736138984], 'sigma_hat': 0.5659131611348185, 'elapsed_s': 30.2657968000276, 'sd_a': [0.003050442097476707, 0.0030874012830596352, 0.002970362173080133], 'nuts_rhat': 1.0006428620235992, 'nuts_ess': 5599.151484944032, 'nuts_divergences': 0, 'a_bias': [-0.00392378858741535, 0.006382751595684938, -1.1428644148986714e-05], 'b_bias': [0.0035170717143346505, 0.004160478212416045, -0.059257719794321435]}}","[0.09159025423560131, -0.1326392717739564, 0.003063149259441745]","[-0.00392378858741535, 0.006382751595684938, -1.1428644148986714e-05]","[-0.04841694333335785, -0.03276730943619609, 0.10027578253046042]","[0.0035170717143346505, 0.004160478212416045, -0.059257719794321435]"
36,970758,32512,"[0.05270210063460815, 0.13601729566640153, 0.00511404064130432]","[-0.06659426234871428, -0.004475223089858384, 0.06960392339333604]","[9.346941148684185e-06, 1.018805277233764e-05, 9.646627548657439e-06]","[1.5131445644328116e-05, 1.5474117222001855e-05, 1.1294147752932814e-05]",784.0607716768282,1.2388948984475962e-169,True,"{'OLS': {'a_hat': [0.05197687692528893, 0.13598292251002675, 0.009311041654473304], 'b_hat': [0.0, 0.0, 0.0], 'sigma_hat': None, 'elapsed_s': 0.0008700859034433961, 'a_bias': [-0.0018346667751036813, 0.0022431117657523703, 0.024761609579463353], 'b_bias': [0.0695942611670703, 0.022385881688049954, -0.02424967912712216]}, 'ElasticNet': {'a_hat': [0.03331688115333564, 0.11592233329669115, 0.0], 'b_hat': [0.0, 0.0, 0.0], 'sigma_hat': None, 'elapsed_s': 0.23947588191367686, 'a_bias': [-0.020494662547056966, -0.017817477447583233, 0.015450567924990048], 'b_bias': [0.0695942611670703, 0.022385881688049954, -0.02424967912712216]}, 'ISD-1': {'a_hat': [0.04786480905972603, 0.1340628091849595, 0.0], 'b_hat': [0.0, 0.0, 0.0], 'sigma_hat': None, 'elapsed_s': 0.1437439159490168, 'n_steps': 3, 'stopped_on': 'threshold', 'a_bias': [-0.0059467346406665775, 0.0003229984406851183, 0.015450567924990048], 'b_bias': [0.0695942611670703, 0.022385881688049954, -0.02424967912712216]}, 'ISD-3': {'a_hat': [0.04890920612294093, 0.13316665267210762, 0.0], 'b_hat': [0.0, 0.0, 0.0], 'sigma_hat': None, 'elapsed_s': 0.1512017420027405, 'n_steps': 3, 'stopped_on': 'threshold', 'a_bias': [-0.004902337577451676, -0.0005731580721667628, 0.015450567924990048], 'b_bias': [0.0695942611670703, 0.022385881688049954, -0.02424967912712216]}, 'MCMC-add': {'a_hat': [0.05197397418561822, 0.13596754433018396, 0.009305182599813114], 'b_hat': [0.0, 0.0, 0.0], 'sigma_hat': 0.579808890012631, 'elapsed_s': 0.11541739199310541, 'sd_a': [0.0032216796532592473, 0.0032184235799590276, 0.0031295760807982208], 'a_bias': [-0.001837569514774387, 0.0022277335859095804, 0.024755750524803163], 'b_bias': [0.0695942611670703, 0.022385881688049954, -0.02424967912712216]}, 'MCMC-comb': {'a_hat': [0.05270210063460815, 0.13601729566640153, 0.00511404064130432], 'b_hat': [-0.06659426234871428, -0.004475223089858384, 0.06960392339333604], 'sigma_hat': 0.5760942687990518, 'elapsed_s': 31.4388486930402, 'sd_a': [0.0030572767536950567, 0.003191872925468312, 0.003105902050718509], 'nuts_rhat': 1.000093389403057, 'nuts_ess': 5356.553762478583, 'nuts_divergences': 0, 'a_bias': [-0.001109443065784456, 0.0022774849221271487, 0.020564608566294367], 'b_bias': [0.0029999988183560256, 0.01791065859819157, 0.045354244266213886]}}","[0.05381154370039261, 0.13373981074427438, -0.015450567924990048]","[-0.001109443065784456, 0.0022774849221271487, 0.020564608566294367]","[-0.0695942611670703, -0.022385881688049954, 0.02424967912712216]","[0.0029999988183560256, 0.01791065859819157, 0.045354244266213886]"
37,957582,32512,"[0.02257423237480881, -0.1171166566702532, 0.028554977961162038]","[0.023504162184405666, 0.1698366429439341, 0.1677957669986977]","[6.07939743649754e-06, 4.729662561750138e-06, 4.404621755610851e-06]","[1.1530689012427115e-05, 6.741023551967433e-06, 5.957894509932657e-06]",5108.689387482271,0.0,True,"{'OLS': {'a_hat': [0.0227492847979038, -0.11447655373393684, 0.036274581301120275], 'b_hat': [0.0, 0.0, 0.0], 'sigma_hat': None, 'elapsed_s': 0.0009457269916310906, 'a_bias': [0.0050919489525326975, -0.006037746510600184, 0.027225603138332853], 'b_bias': [-0.022822833013890514, -0.25174740375339205, -0.18768446112816703]}, 'ElasticNet': {'a_hat': [0.021065857589615714, -0.11267134396397929, 0.03468463388374831], 'b_hat': [0.0, 0.0, 0.0], 'sigma_hat': None, 'elapsed_s': 0.12132717901840806, 'a_bias': [0.0034085217442446115, -0.0042325367406426395, 0.02563565572096089], 'b_bias': [-0.022822833013890514, -0.25174740375339205, -0.18768446112816703]}, 'ISD-1': {'a_hat': [0.020902652072266867, -0.1107903829254972, 0.0], 'b_hat': [0.0, 0.0, 0.0], 'sigma_hat': None, 'elapsed_s': 0.15934963093604892, 'n_steps': 3, 'stopped_on': 'threshold', 'a_bias': [0.003245316226895764, -0.0023515757021605466, -0.009048978162787422], 'b_bias': [-0.022822833013890514, -0.25174740375339205, -0.18768446112816703]}, 'ISD-3': {'a_hat': [0.02054424159717901, -0.11074161371580818, 0.0], 'b_hat': [0.0, 0.0, 0.0], 'sigma_hat': None, 'elapsed_s': 0.1519518910208717, 'n_steps': 3, 'stopped_on': 'threshold', 'a_bias': [0.0028869057518079062, -0.0023028064924715264, -0.009048978162787422], 'b_bias': [-0.022822833013890514, -0.25174740375339205, -0.18768446112816703]}, 'MCMC-add': {'a_hat': [0.022766462067907646, -0.11444551615027199, 0.0362739065159606], 'b_hat': [0.0, 0.0, 0.0], 'sigma_hat': 0.5336770875852661, 'elapsed_s': 0.09298849699553102, 'sd_a': [0.002977368207736787, 0.0029734031873325448, 0.002875542316473835], 'a_bias': [0.005109126222536543, -0.0060067089269353335, 0.02722492835317318], 'b_bias': [-0.022822833013890514, -0.25174740375339205, -0.18768446112816703]}, 'MCMC-comb': {'a_hat': [0.02257423237480881, -0.1171166566702532, 0.028554977961162038], 'b_hat': [0.023504162184405666, 0.1698366429439341, 0.1677957669986977], 'sigma_hat': 0.5099139844945701, 'elapsed_s': 38.19089668500237, 'sd_a': [0.0024656434122754937, 0.0021747787385732226, 0.002098719074962357], 'nuts_rhat': 1.0008812590273095, 'nuts_ess': 4433.469866226407, 'nuts_divergences': 0, 'a_bias': [0.004916896529437706, -0.008677849446916547, 0.019505999798374616], 'b_bias': [0.000681329170515152, -0.08191076080945794, -0.019888694129469336]}}","[0.017657335845371103, -0.10843880722333665, 0.009048978162787422]","[0.004916896529437706, -0.008677849446916547, 0.019505999798374616]","[0.022822833013890514, 0.25174740375339205, 0.18768446112816703]","[0.000681329170515152, -0.08191076080945794, -0.019888694129469336]"
38,947357,32512,"[-0.09114089973637739, -0.027540695532626617, -0.15885376254886563]","[-0.06840726594306504, 0.03172424188687201, 0.10616685523502356]","[7.480402326687367e-06, 8.109575031954248e-06, 6.982821019126961e-06]","[1.3912142303687643e-05, 1.4020611493220476e-05, 1.2611339290820122e-05]",1298.3344299990495,3.3824248584181153e-281,True,"{'OLS': {'a_hat': [-0.09409205737831565, -0.026661570579812617, -0.15619043767675614], 'b_hat': [0.0, 0.0, 0.0], 'sigma_hat': None, 'elapsed_s': 0.0008760798955336213, 'a_bias': [-0.008767722322433641, 0.0020767655751049927, -0.009846237493055826], 'b_bias': [0.05907070139634865, -0.03156050035903405, -0.12058536208882337]}, 'ElasticNet': {'a_hat': [-0.09271137620262856, -0.025378426185846344, -0.1548155595810909], 'b_hat': [0.0, 0.0, 0.0], 'sigma_hat': None, 'elapsed_s': 0.16250766697339714, 'a_bias': [-0.007387041146746556, 0.0033599099690712654, -0.008471359397390577], 'b_bias': [0.05907070139634865, -0.03156050035903405, -0.12058536208882337]}, 'ISD-1': {'a_hat': [-0.09394087678783418, -0.023570831104702948, -0.14728722159173419], 'b_hat': [0.0, 0.0, 0.0], 'sigma_hat': None, 'elapsed_s': 0.2049726740224287, 'n_steps': 4, 'stopped_on': 'threshold', 'a_bias': [-0.008616541731952171, 0.005167505050214662, -0.0009430214080338728], 'b_bias': [0.05907070139634865, -0.03156050035903405, -0.12058536208882337]}, 'ISD-3': {'a_hat': [-0.09335226312148474, -0.02326840572606944, -0.145997765137019], 'b_hat': [0.0, 0.0, 0.0], 'sigma_hat': None, 'elapsed_s': 0.20739625894930214, 'n_steps': 4, 'stopped_on': 'threshold', 'a_bias': [-0.008027928065602735, 0.00546993042884817, 0.00034643504668130376], 'b_bias': [0.05907070139634865, -0.03156050035903405, -0.12058536208882337]}, 'MCMC-add': {'a_hat': [-0.09410531286766487, -0.026650262288420178, -0.15619770360483126], 'b_hat': [0.0, 0.0, 0.0], 'sigma_hat': 0.5267220084714035, 'elapsed_s': 0.06460547598544508, 'sd_a': [0.0029323128400217543, 0.002928569426117158, 0.0028354284914414774], 'a_bias': [-0.008780977811782859, 0.002088073866497432, -0.009853503421130949], 'b_bias': [0.05907070139634865, -0.03156050035903405, -0.12058536208882337]}, 'MCMC-comb': {'a_hat': [-0.09114089973637739, -0.027540695532626617, -0.15885376254886563], 'b_hat': [-0.06840726594306504, 0.03172424188687201, 0.10616685523502356], 'sigma_hat': 0.521533483815282, 'elapsed_s': 31.523077888065018, 'sd_a': [0.002735032417849442, 0.002847731558970095, 0.0026425027945353174], 'nuts_rhat': 1.0000735541139187, 'nuts_ess': 5717.390195717772, 'nuts_divergences': 0, 'a_bias': [-0.0058165646804953786, 0.0011976406222909929, -0.012509562365165316], 'b_bias': [-0.009336564546716386, 0.00016374152783795587, -0.014418506853799806]}}","[-0.08532433505588201, -0.02873833615491761, -0.1463442001837003]","[-0.0058165646804953786, 0.0011976406222909929, -0.012509562365165316]","[-0.05907070139634865, 0.03156050035903405, 0.12058536208882337]","[-0.009336564546716386, 0.00016374152783795587, -0.014418506853799806]"
39,944164,32512,"[-0.0768862159678029, -0.0661388254377614, -0.24054306047431911]","[-0.014550312904998317, -0.1068498562598126, -0.12071461806442775]","[8.392119237748464e-06, 7.897751308765402e-06, 6.903543066462182e-06]","[1.270700950221264e-05, 1.4208717374443462e-05, 1.0336910955138663e-05]",1902.51145807188,0.0,True,"{'OLS': {'a_hat': [-0.07818906533573645, -0.06426229519348362, -0.24887831987355033], 'b_hat': [0.0, 0.0, 0.0], 'sigma_hat': None, 'elapsed_s': 0.0009483559988439083, 'a_bias': [-0.005280681561375594, 0.0011523488132960391, -0.03414941689968484], 'b_bias': [0.016266592054490766, 0.10624144118595631, 0.05294394273660738]}, 'ElasticNet': {'a_hat': [-0.07790091573527616, -0.06398083390844844, -0.24856455103173658], 'b_hat': [0.0, 0.0, 0.0], 'sigma_hat': None, 'elapsed_s': 0.479551975033246, 'a_bias': [-0.0049925319609153, 0.0014338100983312119, -0.03383564805787109], 'b_bias': [0.016266592054490766, 0.10624144118595631, 0.05294394273660738]}, 'ISD-1': {'a_hat': [-0.07977906450728997, -0.06911395370342507, -0.22369063560934338], 'b_hat': [0.0, 0.0, 0.0], 'sigma_hat': None, 'elapsed_s': 0.22755698394030333, 'n_steps': 5, 'stopped_on': 'threshold', 'a_bias': [-0.00687068073292911, -0.0036993096966454198, -0.008961732635477893], 'b_bias': [0.016266592054490766, 0.10624144118595631, 0.05294394273660738]}, 'ISD-3': {'a_hat': [-0.07842161497950854, -0.06688883279188915, -0.22915059901161686], 'b_hat': [0.0, 0.0, 0.0], 'sigma_hat': None, 'elapsed_s': 0.3226100050378591, 'n_steps': 5, 'stopped_on': 'threshold', 'a_bias': [-0.005513231205147684, -0.0014741887851094926, -0.01442169603775137], 'b_bias': [0.016266592054490766, 0.10624144118595631, 0.05294394273660738]}, 'MCMC-add': {'a_hat': [-0.07821521598310398, -0.06425195729929803, -0.24887765730506525], 'b_hat': [0.0, 0.0, 0.0], 'sigma_hat': 0.5512324568725656, 'elapsed_s': 0.08194104896392673, 'sd_a': [0.0030730925253263084, 0.0030522801890535546, 0.0029676366914035634], 'a_bias': [-0.0053068322087431175, 0.001162686707481625, -0.034148754331199765], 'b_bias': [0.016266592054490766, 0.10624144118595631, 0.05294394273660738]}, 'MCMC-comb': {'a_hat': [-0.0768862159678029, -0.0661388254377614, -0.24054306047431911], 'b_hat': [-0.014550312904998317, -0.1068498562598126, -0.12071461806442775], 'sigma_hat': 0.5428404124356, 'elapsed_s': 32.57161246903706, 'sd_a': [0.0028969154695552414, 0.0028102938118220668, 0.0026274594319346174], 'nuts_rhat': 1.000787073320556, 'nuts_ess': 5080.309142838726, 'nuts_divergences': 0, 'a_bias': [-0.003977832193442041, -0.0007241814309817407, -0.025814157500453627], 'b_bias': [0.001716279149492449, -0.0006084150738562832, -0.06777067532782037]}}","[-0.07290838377436086, -0.06541464400677965, -0.2147289029738655]","[-0.003977832193442041, -0.0007241814309817407, -0.025814157500453627]","[-0.016266592054490766, -0.10624144118595631, -0.05294394273660738]","[0.001716279149492449, -0.0006084150738562832, -0.06777067532782037]"
40,994190,32512,"[-0.09070031639702403, 0.002641881581321108, -0.09806902406604948]","[-0.1293979105639786, 0.17662846347880626, -0.037880396405279494]","[8.484383953666806e-06, 7.431210924441388e-06, 8.902172164063342e-06]","[1.0104100502589393e-05, 6.43398650402089e-06, 1.3802872717564163e-05]",3547.1446289111263,0.0,True,"{'OLS': {'a_hat': [-0.08627713732453943, 0.0021053278396767853, -0.08202181280116976], 'b_hat': [0.0, 0.0, 0.0], 'sigma_hat': None, 'elapsed_s': 0.0008661970496177673, 'a_bias': [0.0014089404922194015, 0.011531583264932485, 0.09375102633449338], 'b_bias': [0.14670452453909907, -0.21292471120282982, 0.12874225812740311]}, 'ElasticNet': {'a_hat': [-0.07685760575342943, 0.0, -0.07322342404320839], 'b_hat': [0.0, 0.0, 0.0], 'sigma_hat': None, 'elapsed_s': 0.14674711704719812, 'a_bias': [0.010828472063329403, 0.0094262554252557, 0.10254941509245474], 'b_bias': [0.14670452453909907, -0.21292471120282982, 0.12874225812740311]}, 'ISD-1': {'a_hat': [-0.0886813724430844, 0.0, -0.07683682429023034], 'b_hat': [0.0, 0.0, 0.0], 'sigma_hat': None, 'elapsed_s': 0.16076216695364565, 'n_steps': 3, 'stopped_on': 'threshold', 'a_bias': [-0.0009952946263255685, 0.0094262554252557, 0.0989360148454328], 'b_bias': [0.14670452453909907, -0.21292471120282982, 0.12874225812740311]}, 'ISD-3': {'a_hat': [-0.07977348471270058, 0.0, -0.07693662639086853], 'b_hat': [0.0, 0.0, 0.0], 'sigma_hat': None, 'elapsed_s': 0.13373297301586717, 'n_steps': 2, 'stopped_on': 'threshold', 'a_bias': [0.007912593104058244, 0.0094262554252557, 0.09883621274479461], 'b_bias': [0.14670452453909907, -0.21292471120282982, 0.12874225812740311]}, 'MCMC-add': {'a_hat': [-0.0862948925380313, 0.0021205479066479247, -0.08202060460698328], 'b_hat': [0.0, 0.0, 0.0], 'sigma_hat': 0.620567829669935, 'elapsed_s': 0.07638085295911878, 'sd_a': [0.0034482934854516856, 0.0034402828029400042, 0.0033549662762531866], 'a_bias': [0.0013911852787275303, 0.011546803331903624, 0.09375223452867985], 'b_bias': [0.14670452453909907, -0.21292471120282982, 0.12874225812740311]}, 'MCMC-comb': {'a_hat': [-0.09070031639702403, 0.002641881581321108, -0.09806902406604948], 'b_hat': [-0.1293979105639786, 0.17662846347880626, -0.037880396405279494], 'sigma_hat': 0.6039150196065752, 'elapsed_s': 34.5933464349946, 'sd_a': [0.0029127965863868363, 0.002726024747584179, 0.002983650811348966], 'nuts_rhat': 1.0001192113851858, 'nuts_ess': 5397.393404492028, 'nuts_divergences': 0, 'a_bias': [-0.0030142385802651994, 0.012068137006576808, 0.07770381506961366], 'b_bias': [0.017306613975120483, -0.03629624772402357, 0.09086186172212363]}}","[-0.08768607781675883, -0.0094262554252557, -0.17577283913566313]","[-0.0030142385802651994, 0.012068137006576808, 0.07770381506961366]","[-0.14670452453909907, 0.21292471120282982, -0.12874225812740311]","[0.017306613975120483, -0.03629624772402357, 0.09086186172212363]"
41,973414,32512,"[-0.10829807013893578, 0.18165887452926702, 0.24724937920327142]","[-0.11284559834079531, -0.00900875696154752, -0.01244862713119219]","[9.084230024609642e-06, 9.256295672613769e-06, 8.601961673966306e-06]","[1.3869946151003225e-05, 1.5619811624939793e-05, 1.4004495172898926e-05]",876.7938900561348,9.56112918935507e-190,True,"{'OLS': {'a_hat': [-0.10957252252868308, 0.1828893877112024, 0.24655124430517408], 'b_hat': [0.0, 0.0, 0.0], 'sigma_hat': None, 'elapsed_s': 0.0009034399408847094, 'a_bias': [0.0001060353167808975, -0.0008019651209290324, -0.04395547261886659], 'b_bias': [0.11715666288253418, 0.03682489567880306, -0.03415555509405096]}, 'ElasticNet': {'a_hat': [-0.10890436774244734, 0.1821649299789242, 0.24584533102704473], 'b_hat': [0.0, 0.0, 0.0], 'sigma_hat': None, 'elapsed_s': 0.21519625303335488, 'a_bias': [0.0007741901030166309, -0.0015264228532072266, -0.04466138589699595], 'b_bias': [0.11715666288253418, 0.03682489567880306, -0.03415555509405096]}, 'ISD-1': {'a_hat': [-0.11749718699089506, 0.1897889563793481, 0.23569347855262524], 'b_hat': [0.0, 0.0, 0.0], 'sigma_hat': None, 'elapsed_s': 0.2555237769847736, 'n_steps': 5, 'stopped_on': 'threshold', 'a_bias': [-0.007818629145431091, 0.006097603547216668, -0.05481323837141544], 'b_bias': [0.11715666288253418, 0.03682489567880306, -0.03415555509405096]}, 'ISD-3': {'a_hat': [-0.11700032857584021, 0.1891811807885799, 0.2348671635818867], 'b_hat': [0.0, 0.0, 0.0], 'sigma_hat': None, 'elapsed_s': 0.22912838496267796, 'n_steps': 5, 'stopped_on': 'threshold', 'a_bias': [-0.007321770730376237, 0.005489827956448479, -0.05563955334215398], 'b_bias': [0.11715666288253418, 0.03682489567880306, -0.03415555509405096]}, 'MCMC-add': {'a_hat': [-0.10955444109733607, 0.18290655915287188, 0.24655162766053976], 'b_hat': [0.0, 0.0, 0.0], 'sigma_hat': 0.5634039623102459, 'elapsed_s': 0.07402544503565878, 'sd_a': [0.003125321358433618, 0.0031285370697942956, 0.0030375328504183385], 'a_bias': [0.0001241167481279004, -0.0007847936792595434, -0.04395508926350092], 'b_bias': [0.11715666288253418, 0.03682489567880306, -0.03415555509405096]}, 'MCMC-comb': {'a_hat': [-0.10829807013893578, 0.18165887452926702, 0.24724937920327142], 'b_hat': [-0.11284559834079531, -0.00900875696154752, -0.01244862713119219], 'sigma_hat': 0.5598848710740463, 'elapsed_s': 31.210816832026467, 'sd_a': [0.003014005644422326, 0.0030424160913020705, 0.0029329101032875703], 'nuts_rhat': 0.9998012880269356, 'nuts_ess': 5077.03640606003, 'nuts_divergences': 0, 'a_bias': [0.0013804877065281967, -0.0020324783028644045, -0.04325733772076926], 'b_bias': [0.0043110645417388654, 0.027816138717255537, -0.04660418222524315]}}","[-0.10967855784546397, 0.18369135283213142, 0.2905067169240407]","[0.0013804877065281967, -0.0020324783028644045, -0.04325733772076926]","[-0.11715666288253418, -0.03682489567880306, 0.03415555509405096]","[0.0043110645417388654, 0.027816138717255537, -0.04660418222524315]"
42,1005085,32512,"[0.1649502227502661, -0.09389896690959668, -0.03697041883561036]","[0.0674293173659221, 0.018499580758608834, -0.05271680356291761]","[9.39090123673062e-06, 9.033452086238636e-06, 8.17069349388014e-06]","[1.556329950017126e-05, 1.4796308134179429e-05, 1.3358764308788807e-05]",521.1905351948371,1.219501904558068e-112,True,"{'OLS': {'a_hat': [0.163673950075106, -0.09371413681589241, -0.03979554117149343], 'b_hat': [0.0, 0.0, 0.0], 'sigma_hat': None, 'elapsed_s': 0.0008566280594095588, 'a_bias': [-0.009195814365453248, 0.00497157102693134, -0.015267756577282451], 'b_bias': [-0.0777337576061744, -0.04347660744666187, 0.03761560712300993]}, 'ElasticNet': {'a_hat': [0.16348480531723625, -0.09353379281760925, -0.039637431264846965], 'b_hat': [0.0, 0.0, 0.0], 'sigma_hat': None, 'elapsed_s': 0.17143145203590393, 'a_bias': [-0.009384959123322989, 0.005151915025214504, -0.015109646670635989], 'b_bias': [-0.0777337576061744, -0.04347660744666187, 0.03761560712300993]}, 'ISD-1': {'a_hat': [0.16092741963149892, -0.09366861331313876, 0.0], 'b_hat': [0.0, 0.0, 0.0], 'sigma_hat': None, 'elapsed_s': 0.19374112703371793, 'n_steps': 4, 'stopped_on': 'threshold', 'a_bias': [-0.011942344809060312, 0.00501709452968499, 0.024527784594210976], 'b_bias': [-0.0777337576061744, -0.04347660744666187, 0.03761560712300993]}, 'ISD-3': {'a_hat': [0.16025622871550235, -0.08866915230170705, 0.0], 'b_hat': [0.0, 0.0, 0.0], 'sigma_hat': None, 'elapsed_s': 0.17423461901489645, 'n_steps': 3, 'stopped_on': 'threshold', 'a_bias': [-0.012613535725056885, 0.010016555541116703, 0.024527784594210976], 'b_bias': [-0.0777337576061744, -0.04347660744666187, 0.03761560712300993]}, 'MCMC-add': {'a_hat': [0.16366404436240156, -0.09374704906542035, -0.039799222694891834], 'b_hat': [0.0, 0.0, 0.0], 'sigma_hat': 0.5605043288760514, 'elapsed_s': 0.07865116791799664, 'sd_a': [0.00313032663389959, 0.003127409285351789, 0.0030133770786986793], 'a_bias': [-0.009205720078157675, 0.004938658777403404, -0.015271438100680858], 'b_bias': [-0.0777337576061744, -0.04347660744666187, 0.03761560712300993]}, 'MCMC-comb': {'a_hat': [0.1649502227502661, -0.09389896690959668, -0.03697041883561036], 'b_hat': [0.0674293173659221, 0.018499580758608834, -0.05271680356291761], 'sigma_hat': 0.5578736802103466, 'elapsed_s': 31.23828972701449, 'sd_a': [0.003064457739426442, 0.0030055701765619508, 0.002858442494415471], 'nuts_rhat': 1.0001839749323214, 'nuts_ess': 5473.691174667879, 'nuts_divergences': 0, 'a_bias': [-0.00791954169029313, 0.004786740933227077, -0.01244263424139938], 'b_bias': [-0.010304440240252302, -0.024977026688053034, -0.015101196439907677]}}","[0.17286976444055924, -0.09868570784282375, -0.024527784594210976]","[-0.00791954169029313, 0.004786740933227077, -0.01244263424139938]","[0.0777337576061744, 0.04347660744666187, -0.03761560712300993]","[-0.010304440240252302, -0.024977026688053034, -0.015101196439907677]"
43,962970,32512,"[-0.00988010241047165, -0.14716277947725995, -0.09437958483031732]","[-0.011388041810652215, 0.0033852121002631444, -0.10089141483234662]","[9.08409422379571e-06, 9.532362800629443e-06, 7.842463279555352e-06]","[1.4955089205425576e-05, 1.5004156241033616e-05, 1.1977156822539022e-05]",749.1960582694082,4.507745026198058e-162,True,"{'OLS': {'a_hat': [-0.00910351061310951, -0.14695114492529157, -0.10167804546688221], 'b_hat': [0.0, 0.0, 0.0], 'sigma_hat': None, 'elapsed_s': 0.000943521037697792, 'a_bias': [0.004278785838494606, -0.009461564088293378, -0.07786067106941569], 'b_bias': [0.026638749000895513, -0.023216988962625598, 0.05553272188190161]}, 'ElasticNet': {'a_hat': [-0.008953996291969817, -0.14678284410845452, -0.1015242078873104], 'b_hat': [0.0, 0.0, 0.0], 'sigma_hat': None, 'elapsed_s': 0.24166325002443045, 'a_bias': [0.004428300159634298, -0.009293263271456326, -0.07770683348984388], 'b_bias': [0.026638749000895513, -0.023216988962625598, 0.05553272188190161]}, 'ISD-1': {'a_hat': [-0.009027758080190238, -0.14250463536708055, -0.09383487905713017], 'b_hat': [0.0, 0.0, 0.0], 'sigma_hat': None, 'elapsed_s': 0.23140954098198563, 'n_steps': 4, 'stopped_on': 'threshold', 'a_bias': [0.004354538371413877, -0.005015054530082358, -0.07001750465966365], 'b_bias': [0.026638749000895513, -0.023216988962625598, 0.05553272188190161]}, 'ISD-3': {'a_hat': [-0.010233716863552804, -0.1450182609197996, -0.09953328655205909], 'b_hat': [0.0, 0.0, 0.0], 'sigma_hat': None, 'elapsed_s': 0.2132154010469094, 'n_steps': 4, 'stopped_on': 'threshold', 'a_bias': [0.003148579588051311, -0.007528680082801414, -0.07571591215459257], 'b_bias': [0.026638749000895513, -0.023216988962625598, 0.05553272188190161]}, 'MCMC-add': {'a_hat': [-0.009111360769667856, -0.14695417521920773, -0.10168904994910324], 'b_hat': [0.0, 0.0, 0.0], 'sigma_hat': 0.5556907392345578, 'elapsed_s': 0.08908980106934905, 'sd_a': [0.003094192744113359, 0.003087437452749444, 0.0029891626274320842], 'a_bias': [0.004270935681936259, -0.009464594382209535, -0.07787167555163672], 'b_bias': [0.026638749000895513, -0.023216988962625598, 0.05553272188190161]}, 'MCMC-comb': {'a_hat': [-0.00988010241047165, -0.14716277947725995, -0.09437958483031732], 'b_hat': [-0.011388041810652215, 0.0033852121002631444, -0.10089141483234662], 'sigma_hat': 0.5522712594607473, 'elapsed_s': 31.79600487498101, 'sd_a': [0.00301398311604357, 0.0030874524774689963, 0.002800439836803382], 'nuts_rhat': 1.0007756120670752, 'nuts_ess': 5172.816431732494, 'nuts_divergences': 0, 'a_bias': [0.0035021940411324656, -0.009673198640261754, -0.0705622104328508], 'b_bias': [0.015250707190243297, -0.019831776862362455, -0.04535869295044501]}}","[-0.013382296451604115, -0.1374895808369982, -0.023817374397466524]","[0.0035021940411324656, -0.009673198640261754, -0.0705622104328508]","[-0.026638749000895513, 0.023216988962625598, -0.05553272188190161]","[0.015250707190243297, -0.019831776862362455, -0.04535869295044501]"
44,1069480,32512,"[0.04405108219150423, 0.09116740844563657, -0.07998661927529054]","[0.021670447496801765, 0.0021952179408619124, -0.0759111584546554]","[1.1322684031177921e-05, 1.1538471840462959e-05, 9.990695807372744e-06]","[1.433061890160512e-05, 1.5153387883611153e-05, 1.5484263979156106e-05]",417.3504389493319,3.861277867161892e-90,True,"{'OLS': {'a_hat': [0.045412152800782285, 0.09020741367205622, -0.08065538556272565], 'b_hat': [0.0, 0.0, 0.0], 'sigma_hat': None, 'elapsed_s': 0.0009216770995408297, 'a_bias': [-0.001741699453731621, -0.01106416810992665, -0.09619831832957226], 'b_bias': [-0.03517564083992035, -0.005315534757786736, -8.439309141418043e-06]}, 'ElasticNet': {'a_hat': [0.04531886820287378, 0.0901091979999344, -0.08056505571489453], 'b_hat': [0.0, 0.0, 0.0], 'sigma_hat': None, 'elapsed_s': 0.18111904698889703, 'a_bias': [-0.0018349840516401275, -0.011162383782048466, -0.09610798848174114], 'b_bias': [-0.03517564083992035, -0.005315534757786736, -8.439309141418043e-06]}, 'ISD-1': {'a_hat': [0.04297311356992507, 0.08796375592890604, -0.07424224071354171], 'b_hat': [0.0, 0.0, 0.0], 'sigma_hat': None, 'elapsed_s': 0.2163847810588777, 'n_steps': 4, 'stopped_on': 'threshold', 'a_bias': [-0.004180738684588833, -0.013307825853076827, -0.08978517348038832], 'b_bias': [-0.03517564083992035, -0.005315534757786736, -8.439309141418043e-06]}, 'ISD-3': {'a_hat': [0.044101302617659495, 0.08360062147484486, -0.07333163371503164], 'b_hat': [0.0, 0.0, 0.0], 'sigma_hat': None, 'elapsed_s': 0.1508825239725411, 'n_steps': 3, 'stopped_on': 'threshold', 'a_bias': [-0.003052549636854411, -0.01767096030713801, -0.08887456648187825], 'b_bias': [-0.03517564083992035, -0.005315534757786736, -8.439309141418043e-06]}, 'MCMC-add': {'a_hat': [0.045421036418167776, 0.09021538996847649, -0.08066223601245494], 'b_hat': [0.0, 0.0, 0.0], 'sigma_hat': 0.6180162255873416, 'elapsed_s': 0.07144293200690299, 'sd_a': [0.003435015967214162, 0.0034210106720802733, 0.0033286224966622975], 'a_bias': [-0.00173281583634613, -0.01105619181350638, -0.09620516877930155], 'b_bias': [-0.03517564083992035, -0.005315534757786736, -8.439309141418043e-06]}, 'MCMC-comb': {'a_hat': [0.04405108219150423, 0.09116740844563657, -0.07998661927529054], 'b_hat': [0.021670447496801765, 0.0021952179408619124, -0.0759111584546554], 'sigma_hat': 0.6158974712467069, 'elapsed_s': 31.06609466590453, 'sd_a': [0.0033649196173427265, 0.0033968326188469986, 0.0031608061957944756], 'nuts_rhat': 1.000203815703332, 'nuts_ess': 5245.219052639043, 'nuts_divergences': 0, 'a_bias': [-0.0031027700630096786, -0.010104173336346292, -0.09552955204213714], 'b_bias': [-0.013505193343118584, -0.003120316816924824, -0.07591959776379682]}}","[0.047153852254513906, 0.10127158178198287, 0.015542932766846604]","[-0.0031027700630096786, -0.010104173336346292, -0.09552955204213714]","[0.03517564083992035, 0.005315534757786736, 8.439309141418043e-06]","[-0.013505193343118584, -0.003120316816924824, -0.07591959776379682]"
45,976758,32512,"[-0.07521248357725505, 0.03517504443426255, -0.0040149484189852805]","[0.1714596738680045, 0.14578434269449533, 0.03715634731762438]","[6.453518391747697e-06, 6.958332798951669e-06, 7.672027746838076e-06]","[0.00015979757804881494, 4.004461037613228e-05, 4.9919113009023595e-05]",3881.3547257069295,0.0,True,"{'OLS': {'a_hat': [-0.06850583555275662, 0.03914701160674807, -0.003595927401301188], 'b_hat': [0.0, 0.0, 0.0], 'sigma_hat': None, 'elapsed_s': 0.0008972910000011325, 'a_bias': [0.0036499678015281256, 0.0074975854394172675, 0.00613273244004776], 'b_bias': [-0.2093168308930595, -0.15733549024752425, -0.03858465525565008]}, 'ElasticNet': {'a_hat': [-0.06255233781459105, 0.03341480259371876, -0.0], 'b_hat': [0.0, 0.0, 0.0], 'sigma_hat': None, 'elapsed_s': 0.13074074196629226, 'a_bias': [0.009603465539693698, 0.0017653764263879587, 0.009728659841348948], 'b_bias': [-0.2093168308930595, -0.15733549024752425, -0.03858465525565008]}, 'ISD-1': {'a_hat': [-0.06485533088057675, 0.03818039299439949, 0.0], 'b_hat': [0.0, 0.0, 0.0], 'sigma_hat': None, 'elapsed_s': 0.09639699396211654, 'n_steps': 2, 'stopped_on': 'threshold', 'a_bias': [0.007300472473707992, 0.0065309668270686835, 0.009728659841348948], 'b_bias': [-0.2093168308930595, -0.15733549024752425, -0.03858465525565008]}, 'ISD-3': {'a_hat': [-0.06294600386868891, 0.03603971916999521, 0.0], 'b_hat': [0.0, 0.0, 0.0], 'sigma_hat': None, 'elapsed_s': 0.11134739697445184, 'n_steps': 2, 'stopped_on': 'threshold', 'a_bias': [0.009209799485595832, 0.004390293002664407, 0.009728659841348948], 'b_bias': [-0.2093168308930595, -0.15733549024752425, -0.03858465525565008]}, 'MCMC-add': {'a_hat': [-0.06849517500211777, 0.03914037855750401, -0.003604794398228103], 'b_hat': [0.0, 0.0, 0.0], 'sigma_hat': 0.5724461688460709, 'elapsed_s': 0.08566593297291547, 'sd_a': [0.003178559193691823, 0.0032024013307033407, 0.0030856557975446554], 'a_bias': [0.0036606283521669752, 0.007490952390173208, 0.006123865443120845], 'b_bias': [-0.2093168308930595, -0.15733549024752425, -0.03858465525565008]}, 'MCMC-comb': {'a_hat': [-0.07521248357725505, 0.03517504443426255, -0.0040149484189852805], 'b_hat': [0.1714596738680045, 0.14578434269449533, 0.03715634731762438], 'sigma_hat': 0.553796643462999, 'elapsed_s': 45.68086482502986, 'sd_a': [0.0025403776081023262, 0.0026378651972668483, 0.0027698425491060096], 'nuts_rhat': 6.09997492213201, 'nuts_ess': 2.058471440600474, 'nuts_divergences': 0, 'a_bias': [-0.003056680222970301, 0.0035256182669317487, 0.005713711422363667], 'b_bias': [-0.03785715702505499, -0.011551147553028912, -0.0014283079380257024]}}","[-0.07215580335428474, 0.0316494261673308, -0.009728659841348948]","[-0.003056680222970301, 0.0035256182669317487, 0.005713711422363667]","[0.2093168308930595, 0.15733549024752425, 0.03858465525565008]","[-0.03785715702505499, -0.011551147553028912, -0.0014283079380257024]"
46,993035,32512,"[-0.07099224345476866, -0.11254838268218292, 0.11936785911283755]","[0.02378318875898354, 0.026135765359653704, -0.12606607415818172]","[8.856205998221275e-06, 8.464913790553097e-06, 7.086418212846261e-06]","[1.4103356529460337e-05, 1.349717634977275e-05, 1.2396432622727992e-05]",1210.8443028010443,3.253440473724166e-262,True,"{'OLS': {'a_hat': [-0.07198136432981851, -0.11255609514663532, 0.11692990030919859], 'b_hat': [0.0, 0.0, 0.0], 'sigma_hat': None, 'elapsed_s': 0.0008646489586681128, 'a_bias': [0.0043243566396582445, -0.001314947948293524, -0.002184394999687922], 'b_bias': [-0.02627492251471385, -0.048014340339161084, 0.17445859869741928]}, 'ElasticNet': {'a_hat': [-0.07184831344384146, -0.11241667772461386, 0.11680000826723999], 'b_hat': [0.0, 0.0, 0.0], 'sigma_hat': None, 'elapsed_s': 0.25065752502996475, 'a_bias': [0.004457407525635296, -0.0011755305262720617, -0.0023142870416465178], 'b_bias': [-0.02627492251471385, -0.048014340339161084, 0.17445859869741928]}, 'ISD-1': {'a_hat': [-0.0689758964534713, -0.11236723881248423, 0.11240955232351903], 'b_hat': [0.0, 0.0, 0.0], 'sigma_hat': None, 'elapsed_s': 0.23478102101944387, 'n_steps': 4, 'stopped_on': 'threshold', 'a_bias': [0.007329824516005459, -0.001126091614142427, -0.006704742985367482], 'b_bias': [-0.02627492251471385, -0.048014340339161084, 0.17445859869741928]}, 'ISD-3': {'a_hat': [-0.07000094027688213, -0.11175214926876396, 0.10999830995234065], 'b_hat': [0.0, 0.0, 0.0], 'sigma_hat': None, 'elapsed_s': 0.236399119021371, 'n_steps': 4, 'stopped_on': 'threshold', 'a_bias': [0.00630478069259463, -0.0005110020704221646, -0.009115985356545855], 'b_bias': [-0.02627492251471385, -0.048014340339161084, 0.17445859869741928]}, 'MCMC-add': {'a_hat': [-0.07199668796965057, -0.11256131340269458, 0.11693763566482691], 'b_hat': [0.0, 0.0, 0.0], 'sigma_hat': 0.5402990997990971, 'elapsed_s': 0.07012553396634758, 'sd_a': [0.0030077286986285017, 0.003007868061257318, 0.0029089557440991312], 'a_bias': [0.0043090329998261845, -0.0013201662043527823, -0.0021766596440595948], 'b_bias': [-0.02627492251471385, -0.048014340339161084, 0.17445859869741928]}, 'MCMC-comb': {'a_hat': [-0.07099224345476866, -0.11254838268218292, 0.11936785911283755], 'b_hat': [0.02378318875898354, 0.026135765359653704, -0.12606607415818172], 'sigma_hat': 0.534945003659639, 'elapsed_s': 31.635791618027724, 'sd_a': [0.0029759378350733864, 0.002909452489825723, 0.0026620327219713624], 'nuts_rhat': 1.0003610004327683, 'nuts_ess': 5467.711547112715, 'nuts_divergences': 0, 'a_bias': [0.005313477514708093, -0.0013072354838411238, 0.00025356380395104294], 'b_bias': [-0.002491733755730311, -0.02187857497950738, 0.048392524539237564]}}","[-0.07630572096947676, -0.1112411471983418, 0.11911429530888651]","[0.005313477514708093, -0.0013072354838411238, 0.00025356380395104294]","[0.02627492251471385, 0.048014340339161084, -0.17445859869741928]","[-0.002491733755730311, -0.02187857497950738, 0.048392524539237564]"
47,1010947,32512,"[0.08236506399038716, 0.045621896098059625, -0.06924603523835254]","[-0.05591613626003594, 0.027926142337241125, 0.03529805388768191]","[8.60844014837296e-06, 8.602650196535755e-06, 8.305418340308312e-06]","[1.5325857002949935e-05, 1.5289906948308534e-05, 1.4872238326202136e-05]",352.0851747944762,5.274337596297606e-76,True,"{'OLS': {'a_hat': [0.08192859428754086, 0.04529423362184028, -0.06828337663958263], 'b_hat': [0.0, 0.0, 0.0], 'sigma_hat': None, 'elapsed_s': 0.0009493289981037378, 'a_bias': [-0.010815253868277225, -0.00014780019959602375, 0.042759691801865174], 'b_bias': [0.047152480744994896, -0.02637172043565196, -0.005246679835624363]}, 'ElasticNet': {'a_hat': [0.08076068820916284, 0.044156265393467585, -0.06720444083803308], 'b_hat': [0.0, 0.0, 0.0], 'sigma_hat': None, 'elapsed_s': 0.17875840107444674, 'a_bias': [-0.011983159946655247, -0.0012857684279687157, 0.043838627603414726], 'b_bias': [0.047152480744994896, -0.02637172043565196, -0.005246679835624363]}, 'ISD-1': {'a_hat': [0.07763894355703915, 0.041870814239484196, -0.0662258796715526], 'b_hat': [0.0, 0.0, 0.0], 'sigma_hat': None, 'elapsed_s': 0.15594494598917663, 'n_steps': 3, 'stopped_on': 'threshold', 'a_bias': [-0.015104904598778932, -0.003571219581952105, 0.0448171887698952], 'b_bias': [0.047152480744994896, -0.02637172043565196, -0.005246679835624363]}, 'ISD-3': {'a_hat': [0.07714018443534762, 0.04184098522719122, -0.06657848643815656], 'b_hat': [0.0, 0.0, 0.0], 'sigma_hat': None, 'elapsed_s': 0.14558946201577783, 'n_steps': 3, 'stopped_on': 'threshold', 'a_bias': [-0.015603663720470465, -0.0036010485942450793, 0.044464582003291245], 'b_bias': [0.047152480744994896, -0.02637172043565196, -0.005246679835624363]}, 'MCMC-add': {'a_hat': [0.08192487125794552, 0.04527724675183705, -0.06827704034693376], 'b_hat': [0.0, 0.0, 0.0], 'sigma_hat': 0.5457169534379214, 'elapsed_s': 0.09325763303786516, 'sd_a': [0.003036055102933301, 0.0030428273818591594, 0.002946033975673758], 'a_bias': [-0.010818976897872562, -0.00016478706959924955, 0.04276602809451405], 'b_bias': [0.047152480744994896, -0.02637172043565196, -0.005246679835624363]}, 'MCMC-comb': {'a_hat': [0.08236506399038716, 0.045621896098059625, -0.06924603523835254], 'b_hat': [-0.05591613626003594, 0.027926142337241125, 0.03529805388768191], 'sigma_hat': 0.5445513034198713, 'elapsed_s': 31.463278171024285, 'sd_a': [0.00293401434017848, 0.002933027479676206, 0.002881912271445526], 'nuts_rhat': 1.0001368081017232, 'nuts_ess': 4893.061777380833, 'nuts_divergences': 0, 'a_bias': [-0.010378784165430921, 0.00017986227662332432, 0.04179703320309526], 'b_bias': [-0.008763655515041047, 0.0015544219015891647, 0.030051374052057548]}}","[0.09274384815581808, 0.0454420338214363, -0.1110430684414478]","[-0.010378784165430921, 0.00017986227662332432, 0.04179703320309526]","[-0.047152480744994896, 0.02637172043565196, 0.005246679835624363]","[-0.008763655515041047, 0.0015544219015891647, 0.030051374052057548]"
48,954007,32512,"[-0.0341639477913406, -0.01704716548020314, -0.021087641380274007]","[0.004189371464861368, 0.10064068124959745, -0.22305012932631207]","[7.534026035640661e-06, 6.670772832237788e-06, 4.20870489617635e-06]","[9.350659563658152e-06, 7.5624773024753516e-06, 4.453164409799016e-06]",6151.740422006427,0.0,True,"{'OLS': {'a_hat': [-0.028913485580545455, -0.013849219130777418, -0.03849014930570039], 'b_hat': [0.0, 0.0, 0.0], 'sigma_hat': None, 'elapsed_s': 0.0008984430460259318, 'a_bias': [0.0003036329998100454, -0.003500392324181331, -0.01329241148501185], 'b_bias': [-0.015256251210246858, -0.14714919729931572, 0.25666584409312976]}, 'ElasticNet': {'a_hat': [0.0, 0.0, 0.0], 'b_hat': [0.0, 0.0, 0.0], 'sigma_hat': None, 'elapsed_s': 0.189446423901245, 'a_bias': [0.0292171185803555, 0.010348826806596087, 0.02519773782068854], 'b_bias': [-0.015256251210246858, -0.14714919729931572, 0.25666584409312976]}, 'ISD-1': {'a_hat': [-0.02549120499753842, -0.013742407559026839, 0.0], 'b_hat': [0.0, 0.0, 0.0], 'sigma_hat': None, 'elapsed_s': 0.11893308709841222, 'n_steps': 2, 'stopped_on': 'threshold', 'a_bias': [0.00372591358281708, -0.0033935807524307516, 0.02519773782068854], 'b_bias': [-0.015256251210246858, -0.14714919729931572, 0.25666584409312976]}, 'ISD-3': {'a_hat': [-0.025750042805154152, -0.013474144166689817, 0.0], 'b_hat': [0.0, 0.0, 0.0], 'sigma_hat': None, 'elapsed_s': 0.13307135296054184, 'n_steps': 2, 'stopped_on': 'threshold', 'a_bias': [0.0034670757752013476, -0.00312531736009373, 0.02519773782068854], 'b_bias': [-0.015256251210246858, -0.14714919729931572, 0.25666584409312976]}, 'MCMC-add': {'a_hat': [-0.02891847690079813, -0.013866108441561255, -0.038485230859600705], 'b_hat': [0.0, 0.0, 0.0], 'sigma_hat': 0.6020201397903957, 'elapsed_s': 0.06757908908184618, 'sd_a': [0.003339357008802964, 0.0033437093111747442, 0.003234457374328682], 'a_bias': [0.000298641679557371, -0.003517281634965168, -0.013287493038912166], 'b_bias': [-0.015256251210246858, -0.14714919729931572, 0.25666584409312976]}, 'MCMC-comb': {'a_hat': [-0.0341639477913406, -0.01704716548020314, -0.021087641380274007], 'b_hat': [0.004189371464861368, 0.10064068124959745, -0.22305012932631207], 'sigma_hat': 0.5671973125533987, 'elapsed_s': 37.514403384993784, 'sd_a': [0.0027448180332474976, 0.0025827839306139778, 0.00205151283110205], 'nuts_rhat': 1.0005017303975985, 'nuts_ess': 4723.251166571536, 'nuts_divergences': 0, 'a_bias': [-0.004946829210985097, -0.006698338673607054, 0.004110096440414532], 'b_bias': [-0.011066879745385491, -0.04650851604971827, 0.033615714766817684]}}","[-0.0292171185803555, -0.010348826806596087, -0.02519773782068854]","[-0.004946829210985097, -0.006698338673607054, 0.004110096440414532]","[0.015256251210246858, 0.14714919729931572, -0.25666584409312976]","[-0.011066879745385491, -0.04650851604971827, 0.033615714766817684]"
49,1011519,32512,"[-0.022057198645219513, 0.012371258808524289, -0.013247831074867523]","[-0.027153131166839723, -0.15477590387542897, -0.015350800263156234]","[8.975300847342065e-06, 7.536043973660432e-06, 8.18345036010541e-06]","[1.4807643476863013e-05, 1.1741346409874935e-05, 1.3176211508251277e-05]",1686.5425442290943,0.0,True,"{'OLS': {'a_hat': [-0.023975118644077417, 0.01313043606454461, -0.014548508292349415], 'b_hat': [0.0, 0.0, 0.0], 'sigma_hat': None, 'elapsed_s': 0.000885262037627399, 'a_bias': [-0.00029009219310898934, -0.004520806072700086, -0.04414790726105937], 'b_bias': [0.037191458132128985, 0.17567217824785827, -0.03279954837141096]}, 'ElasticNet': {'a_hat': [-0.02367093002547307, 0.012834113698166776, -0.014267292181215953], 'b_hat': [0.0, 0.0, 0.0], 'sigma_hat': None, 'elapsed_s': 0.08838231093250215, 'a_bias': [1.4096425495355863e-05, -0.00481712843907792, -0.043866691149925904], 'b_bias': [0.037191458132128985, 0.17567217824785827, -0.03279954837141096]}, 'ISD-1': {'a_hat': [-0.022064095854466732, 0.01174856876947236, 0.0], 'b_hat': [0.0, 0.0, 0.0], 'sigma_hat': None, 'elapsed_s': 0.12244947301223874, 'n_steps': 2, 'stopped_on': 'threshold', 'a_bias': [0.0016209305965016949, -0.005902673367772336, -0.02959939896870995], 'b_bias': [0.037191458132128985, 0.17567217824785827, -0.03279954837141096]}, 'ISD-3': {'a_hat': [-0.02161447742488628, 0.012326703193451527, 0.0], 'b_hat': [0.0, 0.0, 0.0], 'sigma_hat': None, 'elapsed_s': 0.11325014301110059, 'n_steps': 2, 'stopped_on': 'threshold', 'a_bias': [0.0020705490260821482, -0.005324538943793169, -0.02959939896870995], 'b_bias': [0.037191458132128985, 0.17567217824785827, -0.03279954837141096]}, 'MCMC-add': {'a_hat': [-0.02397145094248724, 0.013112070955882722, -0.01454638464144112], 'b_hat': [0.0, 0.0, 0.0], 'sigma_hat': 0.5681198953625859, 'elapsed_s': 0.07338405796326697, 'sd_a': [0.003155233548362568, 0.0031515031444274678, 0.0030589344238834654], 'a_bias': [-0.00028642449151881216, -0.004539171181361974, -0.04414578361015107], 'b_bias': [0.037191458132128985, 0.17567217824785827, -0.03279954837141096]}, 'MCMC-comb': {'a_hat': [-0.022057198645219513, 0.012371258808524289, -0.013247831074867523], 'b_hat': [-0.027153131166839723, -0.15477590387542897, -0.015350800263156234], 'sigma_hat': 0.5609192175835163, 'elapsed_s': 31.400751439970918, 'sd_a': [0.002995880646377967, 0.0027451855991281232, 0.002860673060680897], 'nuts_rhat': 1.0001250695087647, 'nuts_ess': 4866.708589626828, 'nuts_divergences': 0, 'a_bias': [0.0016278278057489139, -0.005279983328720407, -0.042847230043577475], 'b_bias': [0.010038326965289262, 0.020896274372429302, -0.0481503486345672]}}","[-0.023685026450968427, 0.017651242137244696, 0.02959939896870995]","[0.0016278278057489139, -0.005279983328720407, -0.042847230043577475]","[-0.037191458132128985, -0.17567217824785827, 0.03279954837141096]","[0.010038326965289262, 0.020896274372429302, -0.0481503486345672]"
50,933584,32512,"[0.1761712191572187, -0.15861876580490541, 0.1256173530978146]","[-0.011361114535465193, -0.013006661206036408, -0.08037828911862695]","[8.23092477450514e-06, 8.259683715947394e-06, 7.093076724609086e-06]","[1.615746358505226e-05, 1.4916692845057433e-05, 1.1576310512805707e-05]",538.2973348006199,2.3904225078561776e-116,True,"{'OLS': {'a_hat': [0.17615336462410602, -0.1586475962302371, 0.12203040601041971], 'b_hat': [0.0, 0.0, 0.0], 'sigma_hat': None, 'elapsed_s': 0.0008839709917083383, 'a_bias': [0.003418343207687524, -0.005261455738623327, 0.03564760464060088], 'b_bias': [0.03285252231228939, 0.00613243458288473, 0.1052898510703949]}, 'ElasticNet': {'a_hat': [0.17594563372232594, -0.1584459985541618, 0.12184534322473003], 'b_hat': [0.0, 0.0, 0.0], 'sigma_hat': None, 'elapsed_s': 0.2656165639637038, 'a_bias': [0.00321061230590744, -0.005059858062548023, 0.0354625418549112], 'b_bias': [0.03285252231228939, 0.00613243458288473, 0.1052898510703949]}, 'ISD-1': {'a_hat': [0.17974094264969037, -0.1607786460934522, 0.1195490454179734], 'b_hat': [0.0, 0.0, 0.0], 'sigma_hat': None, 'elapsed_s': 0.24434862902853638, 'n_steps': 5, 'stopped_on': 'threshold', 'a_bias': [0.007005921233271872, -0.007392505601838406, 0.03316624404815456], 'b_bias': [0.03285252231228939, 0.00613243458288473, 0.1052898510703949]}, 'ISD-3': {'a_hat': [0.17856872388102854, -0.16183516167842374, 0.11780550805824783], 'b_hat': [0.0, 0.0, 0.0], 'sigma_hat': None, 'elapsed_s': 0.26680401200428605, 'n_steps': 5, 'stopped_on': 'threshold', 'a_bias': [0.005833702464610041, -0.008449021186809957, 0.03142270668842899], 'b_bias': [0.03285252231228939, 0.00613243458288473, 0.1052898510703949]}, 'MCMC-add': {'a_hat': [0.17615273598723968, -0.15864369154970215, 0.12202893423202696], 'b_hat': [0.0, 0.0, 0.0], 'sigma_hat': 0.5319827441510431, 'elapsed_s': 0.07912204402964562, 'sd_a': [0.0029508247924821132, 0.0029559975045262772, 0.0028697956472294043], 'a_bias': [0.0034177145708211842, -0.005257551058088367, 0.03564613286220812], 'b_bias': [0.03285252231228939, 0.00613243458288473, 0.1052898510703949]}, 'MCMC-comb': {'a_hat': [0.1761712191572187, -0.15861876580490541, 0.1256173530978146], 'b_hat': [-0.011361114535465193, -0.013006661206036408, -0.08037828911862695], 'sigma_hat': 0.5294476916417188, 'elapsed_s': 31.75396622705739, 'sd_a': [0.0028689588310927606, 0.002873966547464913, 0.0026632830725645904], 'nuts_rhat': 0.9999347195610299, 'nuts_ess': 5271.727994773342, 'nuts_divergences': 0, 'a_bias': [0.003436197740800201, -0.005232625313291633, 0.03923455172799577], 'b_bias': [0.0214914077768242, -0.006874226623151678, 0.024911561951767955]}}","[0.1727350214164185, -0.15338614049161378, 0.08638280136981884]","[0.003436197740800201, -0.005232625313291633, 0.03923455172799577]","[-0.03285252231228939, -0.00613243458288473, -0.1052898510703949]","[0.0214914077768242, -0.006874226623151678, 0.024911561951767955]"
51,999127,32512,"[-0.027636281147057913, 0.1337485843142302, 0.0778496734436374]","[0.14272741321761337, 0.11165170595382608, 0.04741221175569572]","[6.5754619479730114e-06, 6.868900903405167e-06, 7.071478729097046e-06]","[1.02462731197294e-05, 1.2557467083000587e-05, 1.5131413653673043e-05]",2411.118347255644,0.0,True,"{'OLS': {'a_hat': [-0.02642848583760813, 0.13402877711454667, 0.07762263959741217], 'b_hat': [0.0, 0.0, 0.0], 'sigma_hat': None, 'elapsed_s': 0.0009045000188052654, 'a_bias': [0.007017131397979534, 0.0040243176446508044, 0.01935711539864146], 'b_bias': [-0.1732311605409944, -0.11774118889776937, -0.04390866789295762]}, 'ElasticNet': {'a_hat': [-0.026292658920589213, 0.13387636970022584, 0.07748873548539104], 'b_hat': [0.0, 0.0, 0.0], 'sigma_hat': None, 'elapsed_s': 0.12958571105264127, 'a_bias': [0.007152958314998452, 0.0038719102303299835, 0.01922321128662033], 'b_bias': [-0.1732311605409944, -0.11774118889776937, -0.04390866789295762]}, 'ISD-1': {'a_hat': [-0.025355361899339554, 0.13168390358828455, 0.07529564228177266], 'b_hat': [0.0, 0.0, 0.0], 'sigma_hat': None, 'elapsed_s': 0.16772582998964936, 'n_steps': 4, 'stopped_on': 'threshold', 'a_bias': [0.00809025533624811, 0.00167944411838869, 0.01703011808300195], 'b_bias': [-0.1732311605409944, -0.11774118889776937, -0.04390866789295762]}, 'ISD-3': {'a_hat': [-0.025296390084518974, 0.13124613398884818, 0.07404256005110148], 'b_hat': [0.0, 0.0, 0.0], 'sigma_hat': None, 'elapsed_s': 0.19080396695062518, 'n_steps': 4, 'stopped_on': 'threshold', 'a_bias': [0.00814922715106869, 0.0012416745189523237, 0.01577703585233077], 'b_bias': [-0.1732311605409944, -0.11774118889776937, -0.04390866789295762]}, 'MCMC-add': {'a_hat': [-0.02640917102952457, 0.13402407422634013, 0.07762175203502494], 'b_hat': [0.0, 0.0, 0.0], 'sigma_hat': 0.5428834830863638, 'elapsed_s': 0.07863366894889623, 'sd_a': [0.0030281666586729197, 0.0030244860911327063, 0.002927752578088164], 'a_bias': [0.007036446206063095, 0.004019614756444273, 0.019356227836254236], 'b_bias': [-0.1732311605409944, -0.11774118889776937, -0.04390866789295762]}, 'MCMC-comb': {'a_hat': [-0.027636281147057913, 0.1337485843142302, 0.0778496734436374], 'b_hat': [0.14272741321761337, 0.11165170595382608, 0.04741221175569572], 'sigma_hat': 0.532584451094523, 'elapsed_s': 32.80742131208535, 'sd_a': [0.002564266356674558, 0.002620858810276732, 0.0026592252121806167], 'nuts_rhat': 0.9998722183130374, 'nuts_ess': 4689.1747005440075, 'nuts_divergences': 0, 'a_bias': [0.005809336088529751, 0.00374412484433434, 0.01958414924486669], 'b_bias': [-0.030503747323381042, -0.006089482943943292, 0.003503543862738094]}}","[-0.033445617235587664, 0.13000445946989586, 0.05826552419877071]","[0.005809336088529751, 0.00374412484433434, 0.01958414924486669]","[0.1732311605409944, 0.11774118889776937, 0.04390866789295762]","[-0.030503747323381042, -0.006089482943943292, 0.003503543862738094]"
52,1008599,32512,"[0.1669782998042854, 0.04140617930646843, 0.10196973005565593]","[-0.01458996126683579, 0.004419319424286706, -0.05866592953770562]","[1.090412120808464e-05, 1.0965491723684417e-05, 9.887803251572653e-06]","[1.5390921631577835e-05, 1.4671284107658304e-05, 1.602559902400976e-05]",231.17501125230774,7.70479758772234e-50,True,"{'OLS': {'a_hat': [0.16688866996165636, 0.04070146879308368, 0.10198666626663655], 'b_hat': [0.0, 0.0, 0.0], 'sigma_hat': None, 'elapsed_s': 0.0009212989825755358, 'a_bias': [-0.00750478265512286, -0.003197847080746198, 0.01918784858693065], 'b_bias': [0.029657095353470837, -0.006654581585920483, 0.06974238233002769]}, 'ElasticNet': {'a_hat': [0.1666935563705052, 0.04052897414353907, 0.10181253926776278], 'b_hat': [0.0, 0.0, 0.0], 'sigma_hat': None, 'elapsed_s': 0.13272551796399057, 'a_bias': [-0.007699896246274013, -0.003370341730290806, 0.01901372158805688], 'b_bias': [0.029657095353470837, -0.006654581585920483, 0.06974238233002769]}, 'ISD-1': {'a_hat': [0.16470033450126, 0.0366642230821761, 0.09843804748579872], 'b_hat': [0.0, 0.0, 0.0], 'sigma_hat': None, 'elapsed_s': 0.27305474504828453, 'n_steps': 4, 'stopped_on': 'threshold', 'a_bias': [-0.009693118115519206, -0.007235092791653776, 0.015639229806092822], 'b_bias': [0.029657095353470837, -0.006654581585920483, 0.06974238233002769]}, 'ISD-3': {'a_hat': [0.1633914731269109, 0.0366273955972208, 0.09823935681644853], 'b_hat': [0.0, 0.0, 0.0], 'sigma_hat': None, 'elapsed_s': 0.24447621905710548, 'n_steps': 4, 'stopped_on': 'threshold', 'a_bias': [-0.011001979489868308, -0.007271920276609077, 0.015440539136742634], 'b_bias': [0.029657095353470837, -0.006654581585920483, 0.06974238233002769]}, 'MCMC-add': {'a_hat': [0.16690768808439518, 0.040711290334675555, 0.10197904785669556], 'b_hat': [0.0, 0.0, 0.0], 'sigma_hat': 0.5900761992264256, 'elapsed_s': 0.06542869901750237, 'sd_a': [0.003286921871553762, 0.0032686280244670664, 0.003173968612220309], 'a_bias': [-0.007485764532384032, -0.0031880255391543225, 0.019180230176989665], 'b_bias': [0.029657095353470837, -0.006654581585920483, 0.06974238233002769]}, 'MCMC-comb': {'a_hat': [0.1669782998042854, 0.04140617930646843, 0.10196973005565593], 'b_hat': [-0.01458996126683579, 0.004419319424286706, -0.05866592953770562], 'sigma_hat': 0.5890522020333591, 'elapsed_s': 31.373339162906632, 'sd_a': [0.0033021388838273655, 0.0033114183854784066, 0.0031444877566262925], 'nuts_rhat': 1.0002386333264655, 'nuts_ess': 5288.123525672786, 'nuts_divergences': 0, 'a_bias': [-0.007415152812493803, -0.0024931365673614495, 0.019170912375950033], 'b_bias': [0.015067134086635047, -0.0022352621616337767, 0.01107645279232207]}}","[0.17439345261677922, 0.04389931587382988, 0.0827988176797059]","[-0.007415152812493803, -0.0024931365673614495, 0.019170912375950033]","[-0.029657095353470837, 0.006654581585920483, -0.06974238233002769]","[0.015067134086635047, -0.0022352621616337767, 0.01107645279232207]"
53,910053,32512,"[0.10583280975895254, -0.13844822061115572, 0.0788551404368619]","[-0.017307968554196113, 0.09669839252111105, 0.09860859561779946]","[9.51316661407016e-06, 8.727444255292214e-06, 8.122279469260315e-06]","[1.4840830628564132e-05, 1.476295473069591e-05, 1.1965074551026581e-05]",1400.9706624063474,1.8136365120131576e-303,True,"{'OLS': {'a_hat': [0.10493935149407763, -0.138307344662444, 0.08723138228827754], 'b_hat': [0.0, 0.0, 0.0], 'sigma_hat': None, 'elapsed_s': 0.0009415950626134872, 'a_bias': [0.00598095803459231, -0.02047698235095742, 0.008996348046511393], 'b_bias': [0.019065105750515947, -0.11712470934673194, -0.07508689887312599]}, 'ElasticNet': {'a_hat': [0.10478422564652552, -0.13814999472157483, 0.08708897404406134], 'b_hat': [0.0, 0.0, 0.0], 'sigma_hat': None, 'elapsed_s': 0.2600734259467572, 'a_bias': [0.005825832187040206, -0.02031963241008826, 0.008853939802295194], 'b_bias': [0.019065105750515947, -0.11712470934673194, -0.07508689887312599]}, 'ISD-1': {'a_hat': [0.10306670559532294, -0.13561245143168446, 0.07463330508677639], 'b_hat': [0.0, 0.0, 0.0], 'sigma_hat': None, 'elapsed_s': 0.2498041980434209, 'n_steps': 5, 'stopped_on': 'threshold', 'a_bias': [0.004108312135837622, -0.017782089120197894, -0.003601729154989755], 'b_bias': [0.019065105750515947, -0.11712470934673194, -0.07508689887312599]}, 'ISD-3': {'a_hat': [0.09599651140377294, -0.1362328478635569, 0.07954126975149939], 'b_hat': [0.0, 0.0, 0.0], 'sigma_hat': None, 'elapsed_s': 0.18860826001036912, 'n_steps': 4, 'stopped_on': 'threshold', 'a_bias': [-0.002961882055712378, -0.018402485552070344, 0.0013062355097332445], 'b_bias': [0.019065105750515947, -0.11712470934673194, -0.07508689887312599]}, 'MCMC-add': {'a_hat': [0.10494350584980336, -0.13831012828904873, 0.08721885027248195], 'b_hat': [0.0, 0.0, 0.0], 'sigma_hat': 0.5687055495952666, 'elapsed_s': 0.10120309598278254, 'sd_a': [0.0031499448690304323, 0.003160687521795262, 0.003069523139930882], 'a_bias': [0.0059851123903180425, -0.020479765977562167, 0.00898381603071581], 'b_bias': [0.019065105750515947, -0.11712470934673194, -0.07508689887312599]}, 'MCMC-comb': {'a_hat': [0.10583280975895254, -0.13844822061115572, 0.0788551404368619], 'b_hat': [-0.017307968554196113, 0.09669839252111105, 0.09860859561779946], 'sigma_hat': 0.5626164437290699, 'elapsed_s': 31.61980958597269, 'sd_a': [0.00308434216877281, 0.0029542248146158774, 0.0028499613101339314], 'nuts_rhat': 1.0003202818916919, 'nuts_ess': 5236.234919989735, 'nuts_divergences': 0, 'a_bias': [0.006874416299467223, -0.020617858299669153, 0.0006201061950957543], 'b_bias': [0.0017571371963198343, -0.02042631682562089, 0.02352169674467347]}}","[0.09895839345948532, -0.11783036231148657, 0.07823503424176614]","[0.006874416299467223, -0.020617858299669153, 0.0006201061950957543]","[-0.019065105750515947, 0.11712470934673194, 0.07508689887312599]","[0.0017571371963198343, -0.02042631682562089, 0.02352169674467347]"
54,973903,32512,"[0.17984718923535573, 0.06650807217543897, -0.15564468772778545]","[0.007363607514117955, -0.11240874111329166, -0.09474373983232008]","[9.692729004392166e-06, 9.05698817489062e-06, 8.842882253949753e-06]","[1.4420303406186474e-05, 1.2898342893330179e-05, 1.0325804352494543e-05]",1606.9308437232758,0.0,True,"{'OLS': {'a_hat': [0.18057587018738996, 0.06691610557439978, -0.16095131648522862], 'b_hat': [0.0, 0.0, 0.0], 'sigma_hat': None, 'elapsed_s': 0.0008846510900184512, 'a_bias': [-0.0014887455772902014, -0.006161363539464698, -0.003747290919904528], 'b_bias': [0.006695317289820084, 0.1172007192594816, 0.05182798423662747]}, 'ElasticNet': {'a_hat': [0.1803630931321758, 0.06672229384201822, -0.1607555685401169], 'b_hat': [0.0, 0.0, 0.0], 'sigma_hat': None, 'elapsed_s': 0.2805401840014383, 'a_bias': [-0.0017015226325043653, -0.006355175271846258, -0.0035515429747928207], 'b_bias': [0.006695317289820084, 0.1172007192594816, 0.05182798423662747]}, 'ISD-1': {'a_hat': [0.18140028691504678, 0.06426824746306067, -0.1424146790451066], 'b_hat': [0.0, 0.0, 0.0], 'sigma_hat': None, 'elapsed_s': 0.22301233594771475, 'n_steps': 4, 'stopped_on': 'threshold', 'a_bias': [-0.0006643288496333832, -0.008809221650803806, 0.014789346520217489], 'b_bias': [0.006695317289820084, 0.1172007192594816, 0.05182798423662747]}, 'ISD-3': {'a_hat': [0.18025757945203408, 0.06463316126416338, -0.14598220873594978], 'b_hat': [0.0, 0.0, 0.0], 'sigma_hat': None, 'elapsed_s': 0.2060890099965036, 'n_steps': 4, 'stopped_on': 'threshold', 'a_bias': [-0.0018070363126460876, -0.0084443078497011, 0.011221816829374315], 'b_bias': [0.006695317289820084, 0.1172007192594816, 0.05182798423662747]}, 'MCMC-add': {'a_hat': [0.18054459681690552, 0.06693169811586273, -0.16096019428571592], 'b_hat': [0.0, 0.0, 0.0], 'sigma_hat': 0.5941562558499555, 'elapsed_s': 0.07760156004223973, 'sd_a': [0.0032897683554577602, 0.003314507027849734, 0.003193452909671346], 'a_bias': [-0.0015200189477746484, -0.0061457709980017455, -0.0037561687203918337], 'b_bias': [0.006695317289820084, 0.1172007192594816, 0.05182798423662747]}, 'MCMC-comb': {'a_hat': [0.17984718923535573, 0.06650807217543897, -0.15564468772778545], 'b_hat': [0.007363607514117955, -0.11240874111329166, -0.09474373983232008], 'sigma_hat': 0.5861172940033696, 'elapsed_s': 31.55841934902128, 'sd_a': [0.0031133147936551753, 0.0030094830411369028, 0.002973698413415482], 'nuts_rhat': 0.9999465127029228, 'nuts_ess': 5301.716051859292, 'nuts_divergences': 0, 'a_bias': [-0.00221742652932444, -0.006569396938425509, 0.0015593378375386435], 'b_bias': [0.014058924803938038, 0.0047919781461899374, -0.04291575559569261]}}","[0.18206461576468017, 0.07307746911386448, -0.1572040255653241]","[-0.00221742652932444, -0.006569396938425509, 0.0015593378375386435]","[-0.006695317289820084, -0.1172007192594816, -0.05182798423662747]","[0.014058924803938038, 0.0047919781461899374, -0.04291575559569261]"
55,922582,32512,"[0.17005799167667027, 0.05957995491286472, -0.09185260934928041]","[-0.05780344740200084, -0.007070774640967496, -0.14817460454875653]","[8.462134972481664e-06, 8.755529830760818e-06, 6.5680922399754476e-06]","[1.3828775403491026e-05, 1.457326172946003e-05, 1.070228178885256e-05]",1805.9711399797234,0.0,True,"{'OLS': {'a_hat': [0.16797850070624096, 0.05988518183954364, -0.0961236110267119], 'b_hat': [0.0, 0.0, 0.0], 'sigma_hat': None, 'elapsed_s': 0.0009524659253656864, 'a_bias': [0.016855657378568784, -0.0038681992502259677, -0.02623056816883726], 'b_bias': [0.1013717366440399, -0.0032782092876260794, 0.12165601493811279]}, 'ElasticNet': {'a_hat': [0.16778338729319242, 0.059706790025082355, -0.09595254381082433], 'b_hat': [0.0, 0.0, 0.0], 'sigma_hat': None, 'elapsed_s': 0.1680189479375258, 'a_bias': [0.016660543965520247, -0.004046591064687251, -0.02605950095294969], 'b_bias': [0.1013717366440399, -0.0032782092876260794, 0.12165601493811279]}, 'ISD-1': {'a_hat': [0.1669886250610696, 0.05565490776415795, -0.08805697616695439], 'b_hat': [0.0, 0.0, 0.0], 'sigma_hat': None, 'elapsed_s': 0.23763028089888394, 'n_steps': 4, 'stopped_on': 'threshold', 'a_bias': [0.01586578173339742, -0.008098473325611658, -0.018163933309079755], 'b_bias': [0.1013717366440399, -0.0032782092876260794, 0.12165601493811279]}, 'ISD-3': {'a_hat': [0.1657282691729312, 0.056378637836582195, -0.091982723904095], 'b_hat': [0.0, 0.0, 0.0], 'sigma_hat': None, 'elapsed_s': 0.214672282920219, 'n_steps': 4, 'stopped_on': 'threshold', 'a_bias': [0.014605425845259035, -0.007374743253187412, -0.02208968104622036], 'b_bias': [0.1013717366440399, -0.0032782092876260794, 0.12165601493811279]}, 'MCMC-add': {'a_hat': [0.16797439521706353, 0.05987975906408909, -0.09611858146369462], 'b_hat': [0.0, 0.0, 0.0], 'sigma_hat': 0.5521700461482487, 'elapsed_s': 0.08215085696429014, 'sd_a': [0.003078253459979722, 0.0030915666014650002, 0.0029779371056102596], 'a_bias': [0.01685155188939136, -0.0038736220256805134, -0.026225538605819984], 'b_bias': [0.1013717366440399, -0.0032782092876260794, 0.12165601493811279]}, 'MCMC-comb': {'a_hat': [0.17005799167667027, 0.05957995491286472, -0.09185260934928041], 'b_hat': [-0.05780344740200084, -0.007070774640967496, -0.14817460454875653], 'sigma_hat': 0.5444842714242615, 'elapsed_s': 32.147217168007046, 'sd_a': [0.002908974900627653, 0.0029589744559155658, 0.0025628289525396436], 'nuts_rhat': 1.0002591481279826, 'nuts_ess': 5006.333172442911, 'nuts_divergences': 0, 'a_bias': [0.018935148348998093, -0.0041734261769048875, -0.021959566491405777], 'b_bias': [0.04356828924203905, -0.010348983928593576, -0.02651858961064374]}}","[0.15112284332767217, 0.0637533810897696, -0.06989304285787463]","[0.018935148348998093, -0.0041734261769048875, -0.021959566491405777]","[-0.1013717366440399, 0.0032782092876260794, -0.12165601493811279]","[0.04356828924203905, -0.010348983928593576, -0.02651858961064374]"
56,998846,32512,"[-0.06347027105249939, 0.022365774244848056, 0.11693824632083465]","[0.03186480054515775, -0.20633052969780422, 0.028487821526216647]","[7.603458372072414e-06, 5.469582548700597e-06, 6.9366709615652675e-06]","[1.262665837939268e-05, 9.475779677355162e-06, 1.2817728842859944e-05]",2997.8157026632616,0.0,True,"{'OLS': {'a_hat': [-0.06299439438585559, 0.021989771515643127, 0.11837801329149825], 'b_hat': [0.0, 0.0, 0.0], 'sigma_hat': None, 'elapsed_s': 0.0009253829484805465, 'a_bias': [0.0041196333538025265, -0.009211175639481262, 0.0028468096808286214], 'b_bias': [-0.06087614722244398, 0.22912895085981, -0.030436672903025982]}, 'ElasticNet': {'a_hat': [-0.06217529552821219, 0.021189021517783978, 0.11756883158997546], 'b_hat': [0.0, 0.0, 0.0], 'sigma_hat': None, 'elapsed_s': 0.15619045903440565, 'a_bias': [0.0049387322114459314, -0.010011925637340411, 0.002037627979305831], 'b_bias': [-0.06087614722244398, 0.22912895085981, -0.030436672903025982]}, 'ISD-1': {'a_hat': [-0.058953810819881255, 0.018659089175606575, 0.11002013810302876], 'b_hat': [0.0, 0.0, 0.0], 'sigma_hat': None, 'elapsed_s': 0.1778931710869074, 'n_steps': 3, 'stopped_on': 'threshold', 'a_bias': [0.008160216919776864, -0.012541857979517814, -0.005511065507640869], 'b_bias': [-0.06087614722244398, 0.22912895085981, -0.030436672903025982]}, 'ISD-3': {'a_hat': [-0.05838091926862176, 0.01837383096353571, 0.11178680229400294], 'b_hat': [0.0, 0.0, 0.0], 'sigma_hat': None, 'elapsed_s': 0.15111246204469353, 'n_steps': 3, 'stopped_on': 'threshold', 'a_bias': [0.008733108471036359, -0.012827116191588678, -0.0037444013166666873], 'b_bias': [-0.06087614722244398, 0.22912895085981, -0.030436672903025982]}, 'MCMC-add': {'a_hat': [-0.06298181900980056, 0.02197566864995866, 0.1183891280453889], 'b_hat': [0.0, 0.0, 0.0], 'sigma_hat': 0.551359745715942, 'elapsed_s': 0.08087718707975, 'sd_a': [0.0030618531386606925, 0.003073386991201554, 0.0029780482177364457], 'a_bias': [0.004132208729857562, -0.009225278505165729, 0.0028579244347192723], 'b_bias': [-0.06087614722244398, 0.22912895085981, -0.030436672903025982]}, 'MCMC-comb': {'a_hat': [-0.06347027105249939, 0.022365774244848056, 0.11693824632083465], 'b_hat': [0.03186480054515775, -0.20633052969780422, 0.028487821526216647], 'sigma_hat': 0.5392788362523157, 'elapsed_s': 32.41497847996652, 'sd_a': [0.0027574369207784997, 0.0023387138663591572, 0.002633756055819382], 'nuts_rhat': 1.0003898469472716, 'nuts_ess': 4761.839791371732, 'nuts_divergences': 0, 'a_bias': [0.0036437566871587307, -0.008835172910276332, 0.0014070427101650212], 'b_bias': [-0.029011346677286227, 0.022798421162005783, -0.0019488513768093352]}}","[-0.06711402773965812, 0.03120094715512439, 0.11553120361066962]","[0.0036437566871587307, -0.008835172910276332, 0.0014070427101650212]","[0.06087614722244398, -0.22912895085981, 0.030436672903025982]","[-0.029011346677286227, 0.022798421162005783, -0.0019488513768093352]"
57,895618,32512,"[0.028469783752345303, 0.053952766338115306, 0.21034250801298293]","[-0.1677914180501397, -0.04615632500083424, 0.09832474350936098]","[6.616121831255685e-06, 7.85290899606898e-06, 7.136488648472443e-06]","[1.1568644127450688e-05, 1.370224888316114e-05, 1.167886328794256e-05]",2901.107731727825,0.0,True,"{'OLS': {'a_hat': [0.027735430179575707, 0.05344198112801411, 0.223023613462366], 'b_hat': [0.0, 0.0, 0.0], 'sigma_hat': None, 'elapsed_s': 0.0008979340782389045, 'a_bias': [0.020532072856317914, 0.012052952590744806, 0.06140264529724526], 'b_bias': [0.2063238276804743, 0.05911034251911056, -0.05909063227933547]}, 'ElasticNet': {'a_hat': [0.027488625489476306, 0.05319170159429061, 0.22274766318790218], 'b_hat': [0.0, 0.0, 0.0], 'sigma_hat': None, 'elapsed_s': 0.5156213900772855, 'a_bias': [0.020285268166218513, 0.011802673057021304, 0.06112669502278145], 'b_bias': [0.2063238276804743, 0.05911034251911056, -0.05909063227933547]}, 'ISD-1': {'a_hat': [0.029642635518022306, 0.05575649364248843, 0.1992410532175697], 'b_hat': [0.0, 0.0, 0.0], 'sigma_hat': None, 'elapsed_s': 0.22847285808529705, 'n_steps': 5, 'stopped_on': 'threshold', 'a_bias': [0.022439278194764514, 0.014367465105219121, 0.03762008505244899], 'b_bias': [0.2063238276804743, 0.05911034251911056, -0.05909063227933547]}, 'ISD-3': {'a_hat': [0.029720826195347178, 0.05610970985253953, 0.20365920194221154], 'b_hat': [0.0, 0.0, 0.0], 'sigma_hat': None, 'elapsed_s': 0.18765588104724884, 'n_steps': 4, 'stopped_on': 'threshold', 'a_bias': [0.022517468872089386, 0.014720681315270226, 0.04203823377709082], 'b_bias': [0.2063238276804743, 0.05911034251911056, -0.05909063227933547]}, 'MCMC-add': {'a_hat': [0.02773229618820526, 0.05346453173832314, 0.2230108336533135], 'b_hat': [0.0, 0.0, 0.0], 'sigma_hat': 0.5548360944912964, 'elapsed_s': 0.08508951601106673, 'sd_a': [0.0030883595980626226, 0.0030903776043694044, 0.0029889901773707444], 'a_bias': [0.020528938864947468, 0.012075503201053835, 0.06138986548819278], 'b_bias': [0.2063238276804743, 0.05911034251911056, -0.05909063227933547]}, 'MCMC-comb': {'a_hat': [0.028469783752345303, 0.053952766338115306, 0.21034250801298293], 'b_hat': [-0.1677914180501397, -0.04615632500083424, 0.09832474350936098], 'sigma_hat': 0.5432018437238364, 'elapsed_s': 32.00375370203983, 'sd_a': [0.0025721823091016866, 0.0028023042297489723, 0.002671420717235015], 'nuts_rhat': 1.0007651798478905, 'nuts_ess': 5197.87238536191, 'nuts_divergences': 0, 'a_bias': [0.02126642642908751, 0.012563737800845999, 0.048721539847862205], 'b_bias': [0.03853240963033461, 0.012954017518276323, 0.03923411123002551]}}","[0.007203357323257793, 0.04138902853726931, 0.16162096816512073]","[0.02126642642908751, 0.012563737800845999, 0.048721539847862205]","[-0.2063238276804743, -0.05911034251911056, 0.05909063227933547]","[0.03853240963033461, 0.012954017518276323, 0.03923411123002551]"
58,979606,32512,"[-0.15233191515260452, 0.14922428802761228, 0.009848569473469395]","[0.060151765210716766, -0.04273553905377227, 0.02536699520531838]","[1.0054539761076433e-05, 1.0233159033167098e-05, 9.84029127338512e-06]","[1.53447430848151e-05, 1.3826969432163504e-05, 1.3808290637899253e-05]",399.590099411158,2.7160804004797125e-86,True,"{'OLS': {'a_hat': [-0.1517094961519174, 0.14719569864838677, 0.010583283495492948], 'b_hat': [0.0, 0.0, 0.0], 'sigma_hat': None, 'elapsed_s': 0.000924187945201993, 'a_bias': [0.006449943793476853, -0.00039920615696412143, -0.026252377774572896], 'b_bias': [-0.0846583985843404, 0.05709436615217946, -0.08137636899662105]}, 'ElasticNet': {'a_hat': [-0.1431615779879145, 0.1385652055946496, 0.0035653268932516573], 'b_hat': [0.0, 0.0, 0.0], 'sigma_hat': None, 'elapsed_s': 0.2713114890502766, 'a_bias': [0.014997861957479736, -0.009029699210701292, -0.03327033437681419], 'b_bias': [-0.0846583985843404, 0.05709436615217946, -0.08137636899662105]}, 'ISD-1': {'a_hat': [-0.15110280369346316, 0.14665855563300847, 0.0], 'b_hat': [0.0, 0.0, 0.0], 'sigma_hat': None, 'elapsed_s': 0.2383264839882031, 'n_steps': 4, 'stopped_on': 'threshold', 'a_bias': [0.007056636251931092, -0.0009363491723424211, -0.03683566127006584], 'b_bias': [-0.0846583985843404, 0.05709436615217946, -0.08137636899662105]}, 'ISD-3': {'a_hat': [-0.14961842646214332, 0.14426290689116203, 0.0], 'b_hat': [0.0, 0.0, 0.0], 'sigma_hat': None, 'elapsed_s': 0.18638389301486313, 'n_steps': 4, 'stopped_on': 'threshold', 'a_bias': [0.008541013483250925, -0.0033319979141888667, -0.03683566127006584], 'b_bias': [-0.0846583985843404, 0.05709436615217946, -0.08137636899662105]}, 'MCMC-add': {'a_hat': [-0.15170132147206697, 0.14718755726760446, 0.010590609024199846], 'b_hat': [0.0, 0.0, 0.0], 'sigma_hat': 0.5829600795333985, 'elapsed_s': 0.05872604693286121, 'sd_a': [0.0032567531042054236, 0.0032433822336331657, 0.0031470475360761553], 'a_bias': [0.006458118473327279, -0.00040734753774643306, -0.026245052245866], 'b_bias': [-0.0846583985843404, 0.05709436615217946, -0.08137636899662105]}, 'MCMC-comb': {'a_hat': [-0.15233191515260452, 0.14922428802761228, 0.009848569473469395], 'b_hat': [0.060151765210716766, -0.04273553905377227, 0.02536699520531838], 'sigma_hat': 0.5810702675428938, 'elapsed_s': 30.88260321097914, 'sd_a': [0.0031708894274440464, 0.0031989309203493436, 0.0031369238552099283], 'nuts_rhat': 1.0000203430365282, 'nuts_ess': 5589.102628018978, 'nuts_divergences': 0, 'a_bias': [0.005827524792789723, 0.001629383222261388, -0.026987091796596446], 'b_bias': [-0.02450663337362364, 0.01435882709840719, -0.05600937379130268]}}","[-0.15815943994539425, 0.1475949048053509, 0.03683566127006584]","[0.005827524792789723, 0.001629383222261388, -0.026987091796596446]","[0.0846583985843404, -0.05709436615217946, 0.08137636899662105]","[-0.02450663337362364, 0.01435882709840719, -0.05600937379130268]"
59,971052,32512,"[0.10689036369570255, 0.025213873047217658, 0.01620302141247897]","[0.025280518165867384, -0.07434163593895982, -0.042196216176787205]","[8.864515118372958e-06, 8.865671436865594e-06, 8.29612470943994e-06]","[1.4938661231704619e-05, 1.4387199489086604e-05, 1.5733339108225143e-05]",523.2724460291065,4.3148297664392495e-113,True,"{'OLS': {'a_hat': [0.1066423375550446, 0.024004255450935347, 0.018799147060596915], 'b_hat': [0.0, 0.0, 0.0], 'sigma_hat': None, 'elapsed_s': 0.0009158559842035174, 'a_bias': [-0.00020481804385924507, 0.0007164534372185102, -0.004640942209272681], 'b_bias': [-0.02703432392817259, 0.08633452647393818, 0.014752868024035293]}, 'ElasticNet': {'a_hat': [0.10643460999497473, 0.023813668756681165, 0.018618256989752068], 'b_hat': [0.0, 0.0, 0.0], 'sigma_hat': None, 'elapsed_s': 0.17369188193697482, 'a_bias': [-0.0004125456039291153, 0.0005258667429643288, -0.004821832280117528], 'b_bias': [-0.02703432392817259, 0.08633452647393818, 0.014752868024035293]}, 'ISD-1': {'a_hat': [0.1041698070546091, 0.02259475724298217, 0.0], 'b_hat': [0.0, 0.0, 0.0], 'sigma_hat': None, 'elapsed_s': 0.16265588300302625, 'n_steps': 3, 'stopped_on': 'threshold', 'a_bias': [-0.0026773485442947442, -0.0006930447707346674, -0.023440089269869596], 'b_bias': [-0.02703432392817259, 0.08633452647393818, 0.014752868024035293]}, 'ISD-3': {'a_hat': [0.0985390244733161, 0.022656875871611287, 0.0], 'b_hat': [0.0, 0.0, 0.0], 'sigma_hat': None, 'elapsed_s': 0.10844023805111647, 'n_steps': 2, 'stopped_on': 'threshold', 'a_bias': [-0.008308131125587745, -0.00063092614210555, -0.023440089269869596], 'b_bias': [-0.02703432392817259, 0.08633452647393818, 0.014752868024035293]}, 'MCMC-add': {'a_hat': [0.10664400107647333, 0.023994590008740685, 0.018794412660166477], 'b_hat': [0.0, 0.0, 0.0], 'sigma_hat': 0.5430498510646964, 'elapsed_s': 0.09331398806534708, 'sd_a': [0.0030251857136078535, 0.003010244051262175, 0.0029077255644084847], 'a_bias': [-0.00020315452243051257, 0.0007067879950238484, -0.004645676609703119], 'b_bias': [-0.02703432392817259, 0.08633452647393818, 0.014752868024035293]}, 'MCMC-comb': {'a_hat': [0.10689036369570255, 0.025213873047217658, 0.01620302141247897], 'b_hat': [0.025280518165867384, -0.07434163593895982, -0.042196216176787205], 'sigma_hat': 0.540752630599418, 'elapsed_s': 31.69423814699985, 'sd_a': [0.002977333558466864, 0.0029775277390589653, 0.0028802994131582813], 'nuts_rhat': 1.000097374821777, 'nuts_ess': 5258.157496642466, 'nuts_divergences': 0, 'a_bias': [4.320809679871085e-05, 0.0019260710335008216, -0.007237067857390627], 'b_bias': [-0.0017538057623052057, 0.01199289053497836, -0.02744334815275191]}}","[0.10684715559890384, 0.023287802013716837, 0.023440089269869596]","[4.320809679871085e-05, 0.0019260710335008216, -0.007237067857390627]","[0.02703432392817259, -0.08633452647393818, -0.014752868024035293]","[-0.0017538057623052057, 0.01199289053497836, -0.02744334815275191]"
60,1019676,32512,"[-0.026187401717678895, 0.035756904601901895, 0.09791235579194228]","[-0.10148946602004254, -0.006794908442547004, 0.12657059386106845]","[6.974812100228051e-06, 7.578543098057744e-06, 6.257955107221281e-06]","[1.2915349473343087e-05, 1.3847505428397013e-05, 1.3185621503306017e-05]",1782.2638526832816,0.0,True,"{'OLS': {'a_hat': [-0.02643312621464536, 0.03565337410150582, 0.09607736335831585], 'b_hat': [0.0, 0.0, 0.0], 'sigma_hat': None, 'elapsed_s': 0.0009005740284919739, 'a_bias': [-0.011180872969409478, -0.0026860123338436903, -0.003905061332713622], 'b_bias': [0.10585360819784094, 0.012500903031957764, -0.14814555476589733]}, 'ElasticNet': {'a_hat': [-0.026328840412275588, 0.03554639834495857, 0.09597276354063808], 'b_hat': [0.0, 0.0, 0.0], 'sigma_hat': None, 'elapsed_s': 0.18595363409258425, 'a_bias': [-0.011076587167039707, -0.002792988090390941, -0.0040096611503913915], 'b_bias': [0.10585360819784094, 0.012500903031957764, -0.14814555476589733]}, 'ISD-1': {'a_hat': [-0.025924272108410897, 0.031903065626298785, 0.08712119057263926], 'b_hat': [0.0, 0.0, 0.0], 'sigma_hat': None, 'elapsed_s': 0.1651114240521565, 'n_steps': 3, 'stopped_on': 'threshold', 'a_bias': [-0.010672018863175016, -0.006436320809050725, -0.012861234118390213], 'b_bias': [0.10585360819784094, 0.012500903031957764, -0.14814555476589733]}, 'ISD-3': {'a_hat': [-0.026151128848644338, 0.031849346661452664, 0.08422097823969775], 'b_hat': [0.0, 0.0, 0.0], 'sigma_hat': None, 'elapsed_s': 0.146764844073914, 'n_steps': 3, 'stopped_on': 'threshold', 'a_bias': [-0.010898875603408457, -0.0064900397738968454, -0.01576144645133172], 'b_bias': [0.10585360819784094, 0.012500903031957764, -0.14814555476589733]}, 'MCMC-add': {'a_hat': [-0.02644310308144778, 0.03565805647745179, 0.09608616827071115], 'b_hat': [0.0, 0.0, 0.0], 'sigma_hat': 0.5164884035026476, 'elapsed_s': 0.08038281300105155, 'sd_a': [0.002877551716002, 0.002876164407686215, 0.002775518119276093], 'a_bias': [-0.011190849836211901, -0.0026813299578977226, -0.0038962564203183225], 'b_bias': [0.10585360819784094, 0.012500903031957764, -0.14814555476589733]}, 'MCMC-comb': {'a_hat': [-0.026187401717678895, 0.035756904601901895, 0.09791235579194228], 'b_hat': [-0.10148946602004254, -0.006794908442547004, 0.12657059386106845], 'sigma_hat': 0.5104628356197691, 'elapsed_s': 31.382291169953533, 'sd_a': [0.00264098695570956, 0.0027529153815651045, 0.0025015905154963476], 'nuts_rhat': 1.0002016625919337, 'nuts_ess': 5234.806171480967, 'nuts_divergences': 0, 'a_bias': [-0.010935148472443014, -0.002582481833447614, -0.002070068899087188], 'b_bias': [0.004364142177798402, 0.00570599458941076, -0.021574960904828883]}}","[-0.01525225324523588, 0.03833938643534951, 0.09998242469102947]","[-0.010935148472443014, -0.002582481833447614, -0.002070068899087188]","[-0.10585360819784094, -0.012500903031957764, 0.14814555476589733]","[0.004364142177798402, 0.00570599458941076, -0.021574960904828883]"
61,948445,32512,"[-0.07311034479013565, -0.08356437392045177, 0.008259194484405957]","[0.07912695341907168, -0.0056338093338537225, 0.08813389074153909]","[7.452984793523376e-06, 8.200537477430288e-06, 7.70042692723271e-06]","[1.3771956191386948e-05, 1.4931297108518855e-05, 1.3644997601039476e-05]",949.8622621646791,1.352874041252167e-205,True,"{'OLS': {'a_hat': [-0.07273006101940759, -0.08428326788869761, 0.011634895396621095], 'b_hat': [0.0, 0.0, 0.0], 'sigma_hat': None, 'elapsed_s': 0.0008796199690550566, 'a_bias': [0.0016287618618488348, -0.0020582661596655755, -0.008595723786498264], 'b_bias': [-0.08443851904853202, -0.0011426055560659332, -0.13289605904369892]}, 'ElasticNet': {'a_hat': [-0.07264067747111862, -0.08419215402830489, 0.01155614606729864], 'b_hat': [0.0, 0.0, 0.0], 'sigma_hat': None, 'elapsed_s': 0.19284979405347258, 'a_bias': [0.001718145410137803, -0.0019671522992728563, -0.008674473115820718], 'b_bias': [-0.08443851904853202, -0.0011426055560659332, -0.13289605904369892]}, 'ISD-1': {'a_hat': [-0.06771888077273118, -0.0833163594175372, 0.0], 'b_hat': [0.0, 0.0, 0.0], 'sigma_hat': None, 'elapsed_s': 0.18598620197735727, 'n_steps': 3, 'stopped_on': 'threshold', 'a_bias': [0.00663994210852524, -0.0010913576885051707, -0.020230619183119358], 'b_bias': [-0.08443851904853202, -0.0011426055560659332, -0.13289605904369892]}, 'ISD-3': {'a_hat': [-0.06810268063733611, -0.07808834295241368, 0.0], 'b_hat': [0.0, 0.0, 0.0], 'sigma_hat': None, 'elapsed_s': 0.13410461402963847, 'n_steps': 2, 'stopped_on': 'threshold', 'a_bias': [0.006256142243920307, 0.004136658776618354, -0.020230619183119358], 'b_bias': [-0.08443851904853202, -0.0011426055560659332, -0.13289605904369892]}, 'MCMC-add': {'a_hat': [-0.07273952326335922, -0.08428224747040157, 0.011635603759426856], 'b_hat': [0.0, 0.0, 0.0], 'sigma_hat': 0.53066303856629, 'elapsed_s': 0.0791050330735743, 'sd_a': [0.002944748495099712, 0.0029348670854421385, 0.002858324036029728], 'a_bias': [0.0016192996178971963, -0.0020572457413695344, -0.008595015423692502], 'b_bias': [-0.08443851904853202, -0.0011426055560659332, -0.13289605904369892]}, 'MCMC-comb': {'a_hat': [-0.07311034479013565, -0.08356437392045177, 0.008259194484405957], 'b_hat': [0.07912695341907168, -0.0056338093338537225, 0.08813389074153909], 'sigma_hat': 0.5268251026904931, 'elapsed_s': 31.502784462994896, 'sd_a': [0.0027300155299051646, 0.0028636580587476377, 0.0027749643109836043], 'nuts_rhat': 1.000008620586559, 'nuts_ess': 4726.335234909384, 'nuts_divergences': 0, 'a_bias': [0.001248478091120775, -0.0013393721914197326, -0.011971424698713401], 'b_bias': [-0.005311565629460335, -0.006776414889919656, -0.04476216830215983]}}","[-0.07435882288125642, -0.08222500172903204, 0.020230619183119358]","[0.001248478091120775, -0.0013393721914197326, -0.011971424698713401]","[0.08443851904853202, 0.0011426055560659332, 0.13289605904369892]","[-0.005311565629460335, -0.006776414889919656, -0.04476216830215983]"
62,996661,32512,"[0.09095866766145533, 0.08263319330449913, 0.042564169099192264]","[0.16662519536184775, -0.00842409333477074, -0.1404799154846807]","[7.396229563236268e-06, 8.820891759044619e-06, 6.76794372091195e-06]","[5.513248149571316e-06, 1.078523695136934e-05, 8.700996441055708e-06]",5129.206075593633,0.0,True,"{'OLS': {'a_hat': [0.0896686841512361, 0.08470970041465552, 0.03433992960707841], 'b_hat': [0.0, 0.0, 0.0], 'sigma_hat': None, 'elapsed_s': 0.0009254240430891514, 'a_bias': [0.003989285894583416, 0.000527693725649328, -0.021071720525330927], 'b_bias': [-0.2327653100346085, 0.02051616888660442, 0.2003522292066514]}, 'ElasticNet': {'a_hat': [0.08845733777869617, 0.08351422339598721, 0.033252741232996944], 'b_hat': [0.0, 0.0, 0.0], 'sigma_hat': None, 'elapsed_s': 0.12133414298295975, 'a_bias': [0.002777939522043485, -0.0006677832930189753, -0.02215890889941239], 'b_bias': [-0.2327653100346085, 0.02051616888660442, 0.2003522292066514]}, 'ISD-1': {'a_hat': [0.08239502617660382, 0.0833039050196097, 0.0], 'b_hat': [0.0, 0.0, 0.0], 'sigma_hat': None, 'elapsed_s': 0.14193864399567246, 'n_steps': 3, 'stopped_on': 'threshold', 'a_bias': [-0.003284372080048864, -0.0008781016693964888, -0.05541165013240933], 'b_bias': [-0.2327653100346085, 0.02051616888660442, 0.2003522292066514]}, 'ISD-3': {'a_hat': [0.08319175631528085, 0.07920413787802962, 0.0], 'b_hat': [0.0, 0.0, 0.0], 'sigma_hat': None, 'elapsed_s': 0.1105918389512226, 'n_steps': 2, 'stopped_on': 'threshold', 'a_bias': [-0.0024876419413718404, -0.004977868810976574, -0.05541165013240933], 'b_bias': [-0.2327653100346085, 0.02051616888660442, 0.2003522292066514]}, 'MCMC-add': {'a_hat': [0.08968289253491267, 0.0847015290414276, 0.03435212830796621], 'b_hat': [0.0, 0.0, 0.0], 'sigma_hat': 0.6284004316276125, 'elapsed_s': 0.07693334110081196, 'sd_a': [0.0034810876519969177, 0.0034998324092723973, 0.0033906682452482795], 'a_bias': [0.004003494278259981, 0.000519522352421406, -0.021059521824443123], 'b_bias': [-0.2327653100346085, 0.02051616888660442, 0.2003522292066514]}, 'MCMC-comb': {'a_hat': [0.09095866766145533, 0.08263319330449913, 0.042564169099192264], 'b_hat': [0.16662519536184775, -0.00842409333477074, -0.1404799154846807], 'sigma_hat': 0.59552943704046, 'elapsed_s': 67.87549662205856, 'sd_a': [0.0027196009933878663, 0.00296999861263345, 0.002601527190115827], 'nuts_rhat': 0.9999950734084341, 'nuts_ess': 2983.0265051274096, 'nuts_divergences': 0, 'a_bias': [0.005279269404802639, -0.0015488133845070612, -0.012847481033217069], 'b_bias': [-0.06614011467276076, 0.01209207555183368, 0.059872313721970716]}}","[0.08567939825665269, 0.08418200668900619, 0.05541165013240933]","[0.005279269404802639, -0.0015488133845070612, -0.012847481033217069]","[0.2327653100346085, -0.02051616888660442, -0.2003522292066514]","[-0.06614011467276076, 0.01209207555183368, 0.059872313721970716]"
63,983187,32512,"[0.15680590132999936, -0.03798046525888871, -0.025097215815713822]","[0.12539070282214676, -0.1268245670130251, -0.11564342924953017]","[6.835641102006705e-06, 7.084518834316482e-06, 6.457987741359885e-06]","[9.457603403774864e-06, 9.920110604023935e-06, 1.022772316204995e-05]",3397.74847799071,0.0,True,"{'OLS': {'a_hat': [0.16096857422144314, -0.03848581586907574, -0.029946404260125216], 'b_hat': [0.0, 0.0, 0.0], 'sigma_hat': None, 'elapsed_s': 0.0009132320992648602, 'a_bias': [0.0005431380697290267, 0.007284127226606825, -0.04073444869442852], 'b_bias': [-0.1309550684860527, 0.16022595410589255, 0.12516472141061394]}, 'ElasticNet': {'a_hat': [0.16078297587827875, -0.038317346024412, -0.029792405689889025], 'b_hat': [0.0, 0.0, 0.0], 'sigma_hat': None, 'elapsed_s': 0.19841893599368632, 'a_bias': [0.00035753972656463184, 0.007452597071270564, -0.04058045012419233], 'b_bias': [-0.1309550684860527, 0.16022595410589255, 0.12516472141061394]}, 'ISD-1': {'a_hat': [0.1586370747622809, -0.03681220907542016, 0.0], 'b_hat': [0.0, 0.0, 0.0], 'sigma_hat': None, 'elapsed_s': 0.17942198691889644, 'n_steps': 3, 'stopped_on': 'threshold', 'a_bias': [-0.001788361389433224, 0.008957734020262405, -0.010788044434303305], 'b_bias': [-0.1309550684860527, 0.16022595410589255, 0.12516472141061394]}, 'ISD-3': {'a_hat': [0.15747360507475003, -0.03614455695171763, 0.0], 'b_hat': [0.0, 0.0, 0.0], 'sigma_hat': None, 'elapsed_s': 0.15121734503190964, 'n_steps': 3, 'stopped_on': 'threshold', 'a_bias': [-0.00295183107696409, 0.009625386143964937, -0.010788044434303305], 'b_bias': [-0.1309550684860527, 0.16022595410589255, 0.12516472141061394]}, 'MCMC-add': {'a_hat': [0.16097330294722964, -0.03848962884208817, -0.029948950994325024], 'b_hat': [0.0, 0.0, 0.0], 'sigma_hat': 0.5589062446206206, 'elapsed_s': 0.08620276406873018, 'sd_a': [0.003106830979180712, 0.00310694120682694, 0.00300387281286084], 'a_bias': [0.0005478667955155225, 0.0072803142535943985, -0.040736995428628325], 'b_bias': [-0.1309550684860527, 0.16022595410589255, 0.12516472141061394]}, 'MCMC-comb': {'a_hat': [0.15680590132999936, -0.03798046525888871, -0.025097215815713822], 'b_hat': [0.12539070282214676, -0.1268245670130251, -0.11564342924953017], 'sigma_hat': 0.5432538933420401, 'elapsed_s': 34.58670102094766, 'sd_a': [0.002614505900166742, 0.002661675944647748, 0.002541257118309732], 'nuts_rhat': 1.0001927819851353, 'nuts_ess': 5558.1796023369625, 'nuts_divergences': 0, 'a_bias': [-0.0036195348217147594, 0.007789477836793859, -0.03588526025001713], 'b_bias': [-0.005564365663905946, 0.03340138709286744, 0.009521292161083772]}}","[0.16042543615171412, -0.045769943095682566, 0.010788044434303305]","[-0.0036195348217147594, 0.007789477836793859, -0.03588526025001713]","[0.1309550684860527, -0.16022595410589255, -0.12516472141061394]","[-0.005564365663905946, 0.03340138709286744, 0.009521292161083772]"
64,975031,32512,"[-0.16120557300628907, -0.07923065546787651, 0.021236698617642377]","[0.023969807754013646, 0.022083280619595476, -0.16454700359868604]","[9.68113324503507e-06, 9.050287105854068e-06, 6.78793606100772e-06]","[1.4003803479006308e-05, 1.3105702030678064e-05, 1.0134607379137589e-05]",2201.9208554459547,0.0,True,"{'OLS': {'a_hat': [-0.15872575580618697, -0.07712487492667831, 0.005521978035956354], 'b_hat': [0.0, 0.0, 0.0], 'sigma_hat': None, 'elapsed_s': 0.000926660024560988, 'a_bias': [0.0014020379056984, 0.002288754075864083, -0.038441682565743006], 'b_bias': [-0.0524187842812771, -0.027627417932855378, 0.14127658838923665]}, 'ElasticNet': {'a_hat': [-0.14190618666242957, -0.06144877371030189, 0.0], 'b_hat': [0.0, 0.0, 0.0], 'sigma_hat': None, 'elapsed_s': 0.11795784207060933, 'a_bias': [0.0182216070494558, 0.017964855292240504, -0.04396366060169936], 'b_bias': [-0.0524187842812771, -0.027627417932855378, 0.14127658838923665]}, 'ISD-1': {'a_hat': [-0.15592119586960268, -0.07321071537242337, 0.0], 'b_hat': [0.0, 0.0, 0.0], 'sigma_hat': None, 'elapsed_s': 0.1639268499566242, 'n_steps': 3, 'stopped_on': 'threshold', 'a_bias': [0.004206597842282694, 0.006202913630119031, -0.04396366060169936], 'b_bias': [-0.0524187842812771, -0.027627417932855378, 0.14127658838923665]}, 'ISD-3': {'a_hat': [-0.15494308452145053, -0.07390781452944327, 0.0], 'b_hat': [0.0, 0.0, 0.0], 'sigma_hat': None, 'elapsed_s': 0.14766790298745036, 'n_steps': 3, 'stopped_on': 'threshold', 'a_bias': [0.005184709190434844, 0.005505814473099127, -0.04396366060169936], 'b_bias': [-0.0524187842812771, -0.027627417932855378, 0.14127658838923665]}, 'MCMC-add': {'a_hat': [-0.15872076529875917, -0.07713013595165023, 0.005505790366718709], 'b_hat': [0.0, 0.0, 0.0], 'sigma_hat': 0.5862767867341782, 'elapsed_s': 0.10132838098797947, 'sd_a': [0.003261320894687225, 0.003259499915946942, 0.003166509149679394], 'a_bias': [0.0014070284131262045, 0.002283493050892163, -0.03845787023498065], 'b_bias': [-0.0524187842812771, -0.027627417932855378, 0.14127658838923665]}, 'MCMC-comb': {'a_hat': [-0.16120557300628907, -0.07923065546787651, 0.021236698617642377], 'b_hat': [0.023969807754013646, 0.022083280619595476, -0.16454700359868604], 'sigma_hat': 0.57531736575817, 'elapsed_s': 31.302842436009087, 'sd_a': [0.00311145195126569, 0.00300836950952739, 0.002605366780514352], 'nuts_rhat': 1.0007344183156157, 'nuts_ess': 5518.345007876636, 'nuts_divergences': 0, 'a_bias': [-0.0010777792944036968, 0.00018297353466588395, -0.022726961984056982], 'b_bias': [-0.028448976527263456, -0.005544137313259902, -0.02327041520944939]}}","[-0.16012779371188537, -0.0794136290025424, 0.04396366060169936]","[-0.0010777792944036968, 0.00018297353466588395, -0.022726961984056982]","[0.0524187842812771, 0.027627417932855378, -0.14127658838923665]","[-0.028448976527263456, -0.005544137313259902, -0.02327041520944939]"
65,930023,32512,"[-0.24109494695002234, -0.0027013630986981786, -0.031108553639527418]","[0.02125354115455942, 0.05020251157858269, 0.03806354140205438]","[9.560510813304751e-06, 9.83841863059664e-06, 8.437029268473635e-06]","[1.5485602186066994e-05, 1.4115966675544829e-05, 1.2526972378459864e-05]",308.4630314865208,1.4657049241469782e-66,True,"{'OLS': {'a_hat': [-0.24165389658820072, -0.0023043040437029233, -0.027276330341793293], 'b_hat': [0.0, 0.0, 0.0], 'sigma_hat': None, 'elapsed_s': 0.0009300370002165437, 'a_bias': [-0.010643552924936295, -0.00773966258274115, 0.019901273022040287], 'b_bias': [-0.04593857717166118, -0.07019536262212701, -0.013824143205868193]}, 'ElasticNet': {'a_hat': [-0.23674564261601572, -0.0, -0.023434196865494118], 'b_hat': [0.0, 0.0, 0.0], 'sigma_hat': None, 'elapsed_s': 0.22833377995993942, 'a_bias': [-0.005735298952751294, -0.005435358539038227, 0.02374340649833946], 'b_bias': [-0.04593857717166118, -0.07019536262212701, -0.013824143205868193]}, 'ISD-1': {'a_hat': [-0.235784797707911, 0.0, 0.0], 'b_hat': [0.0, 0.0, 0.0], 'sigma_hat': None, 'elapsed_s': 0.12553841597400606, 'n_steps': 2, 'stopped_on': 'threshold', 'a_bias': [-0.0047744540446465755, -0.005435358539038227, 0.04717760336383358], 'b_bias': [-0.04593857717166118, -0.07019536262212701, -0.013824143205868193]}, 'ISD-3': {'a_hat': [-0.23624458177060798, 0.0, 0.0], 'b_hat': [0.0, 0.0, 0.0], 'sigma_hat': None, 'elapsed_s': 0.14081636001355946, 'n_steps': 2, 'stopped_on': 'threshold', 'a_bias': [-0.005234238107343553, -0.005435358539038227, 0.04717760336383358], 'b_bias': [-0.04593857717166118, -0.07019536262212701, -0.013824143205868193]}, 'MCMC-add': {'a_hat': [-0.2416400290588807, -0.002307151304607253, -0.027269307565733016], 'b_hat': [0.0, 0.0, 0.0], 'sigma_hat': 0.5495132136819852, 'elapsed_s': 0.06343130907043815, 'sd_a': [0.003057796016827548, 0.0030465400985513506, 0.0029611492040031192], 'a_bias': [-0.01062968539561629, -0.00774250984364548, 0.019908295798100564], 'b_bias': [-0.04593857717166118, -0.07019536262212701, -0.013824143205868193]}, 'MCMC-comb': {'a_hat': [-0.24109494695002234, -0.0027013630986981786, -0.031108553639527418], 'b_hat': [0.02125354115455942, 0.05020251157858269, 0.03806354140205438], 'sigma_hat': 0.5481721118358851, 'elapsed_s': 31.344209369039163, 'sd_a': [0.003092007570059419, 0.0031366253570671524, 0.002904656480287064], 'nuts_rhat': 1.0002753126355357, 'nuts_ess': 5106.838507188253, 'nuts_divergences': 0, 'a_bias': [-0.01008460328675792, -0.008136721637736405, 0.016069049724306162], 'b_bias': [-0.024685036017101758, -0.019992851043544327, 0.024239398196186188]}}","[-0.23101034366326442, 0.005435358539038227, -0.04717760336383358]","[-0.01008460328675792, -0.008136721637736405, 0.016069049724306162]","[0.04593857717166118, 0.07019536262212701, 0.013824143205868193]","[-0.024685036017101758, -0.019992851043544327, 0.024239398196186188]"
66,935811,32512,"[0.08293461924101617, 0.024175186911367413, 0.05591388536114878]","[-0.035972046332766634, -0.010330970524220625, 0.04068990455705076]","[9.709174564292552e-06, 9.858043060053913e-06, 9.18227830874707e-06]","[1.4791237806641522e-05, 1.5269374604924597e-05, 1.4424220080976542e-05]",201.1747414571946,2.3514169951998627e-43,True,"{'OLS': {'a_hat': [0.08298087367814698, 0.0243861306604586, 0.057478003401322114], 'b_hat': [0.0, 0.0, 0.0], 'sigma_hat': None, 'elapsed_s': 0.0008894109632819891, 'a_bias': [0.006967565140561599, 0.0014649932489517563, 0.004471532841175442], 'b_bias': [0.07046732628698825, 0.017961141383145855, -0.019677609665695726]}, 'ElasticNet': {'a_hat': [0.0828908898001771, 0.024301774248387698, 0.057395022991931326], 'b_hat': [0.0, 0.0, 0.0], 'sigma_hat': None, 'elapsed_s': 0.18302409804891795, 'a_bias': [0.00687758126259172, 0.0013806368368808539, 0.004388552431784654], 'b_bias': [0.07046732628698825, 0.017961141383145855, -0.019677609665695726]}, 'ISD-1': {'a_hat': [0.07686932327052454, 0.02217368931210843, 0.0], 'b_hat': [0.0, 0.0, 0.0], 'sigma_hat': None, 'elapsed_s': 0.19029731291811913, 'n_steps': 2, 'stopped_on': 'threshold', 'a_bias': [0.000856014732939156, -0.0007474480993984144, -0.05300647056014667], 'b_bias': [0.07046732628698825, 0.017961141383145855, -0.019677609665695726]}, 'ISD-3': {'a_hat': [0.07641850508403035, 0.020426021053752186, 0.0], 'b_hat': [0.0, 0.0, 0.0], 'sigma_hat': None, 'elapsed_s': 0.12625182198826224, 'n_steps': 2, 'stopped_on': 'threshold', 'a_bias': [0.00040519654644496916, -0.002495116357754658, -0.05300647056014667], 'b_bias': [0.07046732628698825, 0.017961141383145855, -0.019677609665695726]}, 'MCMC-add': {'a_hat': [0.08296585187839389, 0.02437741901996469, 0.05748894260007324], 'b_hat': [0.0, 0.0, 0.0], 'sigma_hat': 0.5663734995452216, 'elapsed_s': 0.08029376494232565, 'sd_a': [0.0031391508539267716, 0.0031475845818353045, 0.0030474572256304782], 'a_bias': [0.006952543340808512, 0.0014562816084578468, 0.00448247203992657], 'b_bias': [0.07046732628698825, 0.017961141383145855, -0.019677609665695726]}, 'MCMC-comb': {'a_hat': [0.08293461924101617, 0.024175186911367413, 0.05591388536114878], 'b_hat': [-0.035972046332766634, -0.010330970524220625, 0.04068990455705076], 'sigma_hat': 0.5657698030886426, 'elapsed_s': 31.437803500099108, 'sd_a': [0.003115954839899409, 0.003139752069838304, 0.0030302274351518685], 'nuts_rhat': 1.0003224060684932, 'nuts_ess': 5427.754619496409, 'nuts_divergences': 0, 'a_bias': [0.006921310703430786, 0.0012540494998605697, 0.002907414801002109], 'b_bias': [0.034495279954221615, 0.00763017085892523, 0.021012294891355032]}}","[0.07601330853758538, 0.022921137411506844, 0.05300647056014667]","[0.006921310703430786, 0.0012540494998605697, 0.002907414801002109]","[-0.07046732628698825, -0.017961141383145855, 0.019677609665695726]","[0.034495279954221615, 0.00763017085892523, 0.021012294891355032]"
67,952516,32512,"[0.08183820294323955, -0.0354902596433401, 0.0555620231299078]","[-0.02118337458411296, -0.017954041285495746, 0.06301121218865548]","[1.015650532478676e-05, 9.58738754500883e-06, 8.978677622633079e-06]","[1.4473064758395784e-05, 1.4232442535835144e-05, 1.4899679977610596e-05]",319.39808612883644,6.295735112864421e-69,True,"{'OLS': {'a_hat': [0.08079375774805297, -0.035313877493567444, 0.054852872506092436], 'b_hat': [0.0, 0.0, 0.0], 'sigma_hat': None, 'elapsed_s': 0.0008934080833569169, 'a_bias': [-0.0012590897936889112, 0.004060239728889768, 0.00273614693288117], 'b_bias': [0.0265838791915379, 0.011754216732813037, -0.0829519042024073]}, 'ElasticNet': {'a_hat': [0.08070605894710828, -0.03523114230143295, 0.054772967207721776], 'b_hat': [0.0, 0.0, 0.0], 'sigma_hat': None, 'elapsed_s': 0.11202561901882291, 'a_bias': [-0.0013467885946336078, 0.0041429749210242645, 0.0026562416345105103], 'b_bias': [0.0265838791915379, 0.011754216732813037, -0.0829519042024073]}, 'ISD-1': {'a_hat': [0.0730120913926397, -0.03246463307390084, 0.0], 'b_hat': [0.0, 0.0, 0.0], 'sigma_hat': None, 'elapsed_s': 0.09984142694156617, 'n_steps': 2, 'stopped_on': 'threshold', 'a_bias': [-0.009040756149102186, 0.006909484148556369, -0.052116725573211266], 'b_bias': [0.0265838791915379, 0.011754216732813037, -0.0829519042024073]}, 'ISD-3': {'a_hat': [0.07348230455096126, -0.03195336110866935, 0.0], 'b_hat': [0.0, 0.0, 0.0], 'sigma_hat': None, 'elapsed_s': 0.10823329701088369, 'n_steps': 2, 'stopped_on': 'threshold', 'a_bias': [-0.008570542990780625, 0.007420756113787862, -0.052116725573211266], 'b_bias': [0.0265838791915379, 0.011754216732813037, -0.0829519042024073]}, 'MCMC-add': {'a_hat': [0.08077584113416053, -0.035332773263776374, 0.0548508496167138], 'b_hat': [0.0, 0.0, 0.0], 'sigma_hat': 0.5719916834879759, 'elapsed_s': 0.061927912989631295, 'sd_a': [0.0031829792075138983, 0.0031849949584567498, 0.0030776328365094735], 'a_bias': [-0.0012770064075813548, 0.004041343958680839, 0.0027341240435025324], 'b_bias': [0.0265838791915379, 0.011754216732813037, -0.0829519042024073]}, 'MCMC-comb': {'a_hat': [0.08183820294323955, -0.0354902596433401, 0.0555620231299078], 'b_hat': [-0.02118337458411296, -0.017954041285495746, 0.06301121218865548], 'sigma_hat': 0.5708841774144371, 'elapsed_s': 30.86240260791965, 'sd_a': [0.0031869272543920356, 0.0030963506818525626, 0.0029964441631095146], 'nuts_rhat': 1.0001177635932148, 'nuts_ess': 5194.576501970222, 'nuts_divergences': 0, 'a_bias': [-0.00021464459850233097, 0.003883857579117113, 0.003445297556696536], 'b_bias': [0.005400504607424941, -0.006199824552682708, -0.01994069201375183]}}","[0.08205284754174189, -0.03937411722245721, 0.052116725573211266]","[-0.00021464459850233097, 0.003883857579117113, 0.003445297556696536]","[-0.0265838791915379, -0.011754216732813037, 0.0829519042024073]","[0.005400504607424941, -0.006199824552682708, -0.01994069201375183]"
68,936955,32512,"[-0.20064317857023292, -0.12694298309682808, -0.13968608646013764]","[-0.19939604695920976, -0.06215948062373657, 0.08608581708517819]","[5.998094444788087e-06, 8.01852755986528e-06, 6.7980002213622665e-06]","[5.048817793452025e-06, 1.1968968331440514e-05, 9.872784048353166e-06]",4093.592037335977,0.0,True,"{'OLS': {'a_hat': [-0.20170367886380025, -0.1252935328234334, -0.130705245573635], 'b_hat': [0.0, 0.0, 0.0], 'sigma_hat': None, 'elapsed_s': 0.0008908479940146208, 'a_bias': [-0.0023976417583846388, 0.004353699984042725, 0.017513294170647092], 'b_bias': [0.2333616119848305, 0.06782644401551767, -0.07494338997277404]}, 'ElasticNet': {'a_hat': [-0.20049561220586237, -0.1241720336644201, -0.1296306150699717], 'b_hat': [0.0, 0.0, 0.0], 'sigma_hat': None, 'elapsed_s': 0.15624056698288769, 'a_bias': [-0.0011895751004467603, 0.0054751991430560115, 0.01858792467431039], 'b_bias': [0.2333616119848305, 0.06782644401551767, -0.07494338997277404]}, 'ISD-1': {'a_hat': [-0.20465128342832747, -0.13158899602135232, -0.1367374820773507], 'b_hat': [0.0, 0.0, 0.0], 'sigma_hat': None, 'elapsed_s': 0.2784147800412029, 'n_steps': 6, 'stopped_on': 'threshold', 'a_bias': [-0.005345246322911862, -0.0019417632138762075, 0.011481057666931388], 'b_bias': [0.2333616119848305, 0.06782644401551767, -0.07494338997277404]}, 'ISD-3': {'a_hat': [-0.20180814119703688, -0.1305870542315514, -0.1296359341810093], 'b_hat': [0.0, 0.0, 0.0], 'sigma_hat': None, 'elapsed_s': 0.2493542250012979, 'n_steps': 5, 'stopped_on': 'threshold', 'a_bias': [-0.002502104091621271, -0.0009398214240752822, 0.01858260556327279], 'b_bias': [0.2333616119848305, 0.06782644401551767, -0.07494338997277404]}, 'MCMC-add': {'a_hat': [-0.20169399510703712, -0.12528816083254896, -0.1307391878592406], 'b_hat': [0.0, 0.0, 0.0], 'sigma_hat': 0.5918219699711891, 'elapsed_s': 0.08050903002731502, 'sd_a': [0.0032994754066857815, 0.0033035258491745166, 0.0031839982233891314], 'a_bias': [-0.002387958001621504, 0.004359071974927159, 0.01747935188504149], 'b_bias': [0.2333616119848305, 0.06782644401551767, -0.07494338997277404]}, 'MCMC-comb': {'a_hat': [-0.20064317857023292, -0.12694298309682808, -0.13968608646013764], 'b_hat': [-0.19939604695920976, -0.06215948062373657, 0.08608581708517819], 'sigma_hat': 0.5727657607406467, 'elapsed_s': 40.57554057391826, 'sd_a': [0.0024491007420659704, 0.0028317004714244194, 0.002607297493835766], 'nuts_rhat': 1.0002523641457264, 'nuts_ess': 5144.695839775671, 'nuts_divergences': 0, 'a_bias': [-0.0013371414648173097, 0.0027042497106480323, 0.008532453284144453], 'b_bias': [0.03396556502562073, 0.005666963391781098, 0.011142427112404152]}}","[-0.1993060371054156, -0.12964723280747611, -0.1482185397442821]","[-0.0013371414648173097, 0.0027042497106480323, 0.008532453284144453]","[-0.2333616119848305, -0.06782644401551767, 0.07494338997277404]","[0.03396556502562073, 0.005666963391781098, 0.011142427112404152]"
69,1015169,32512,"[-0.02147511515926192, 0.02025232311263358, 0.0853859795631759]","[0.11778086547917897, 0.0032562508627059974, 0.08744719680165858]","[7.26590369281877e-06, 8.045000040832697e-06, 7.241852237120251e-06]","[1.3807080816579606e-05, 1.572485164295831e-05, 1.2719589011677909e-05]",1439.1448706547599,9.43964767203e-312,True,"{'OLS': {'a_hat': [-0.021651922582336346, 0.019145820122216998, 0.08335336541178512], 'b_hat': [0.0, 0.0, 0.0], 'sigma_hat': None, 'elapsed_s': 0.0008832489838823676, 'a_bias': [0.006836484055921129, -0.0006331880719682159, -0.02556838425929414], 'b_bias': [-0.13276861322676917, 0.0069137934726139555, -0.13535858895693972]}, 'ElasticNet': {'a_hat': [-0.02156183636902288, 0.01905445940796224, 0.0832636538906408], 'b_hat': [0.0, 0.0, 0.0], 'sigma_hat': None, 'elapsed_s': 0.3169397240271792, 'a_bias': [0.006926570269234596, -0.0007245487862229741, -0.025658095780438456], 'b_bias': [-0.13276861322676917, 0.0069137934726139555, -0.13535858895693972]}, 'ISD-1': {'a_hat': [-0.0217321795945215, 0.016813214054084976, 0.07755450492474328], 'b_hat': [0.0, 0.0, 0.0], 'sigma_hat': None, 'elapsed_s': 0.15747012000065297, 'n_steps': 3, 'stopped_on': 'threshold', 'a_bias': [0.006756227043735977, -0.0029657941401002377, -0.03136724474633598], 'b_bias': [-0.13276861322676917, 0.0069137934726139555, -0.13535858895693972]}, 'ISD-3': {'a_hat': [-0.021984991641973452, 0.01670026433326329, 0.07437941909192754], 'b_hat': [0.0, 0.0, 0.0], 'sigma_hat': None, 'elapsed_s': 0.14950310694985092, 'n_steps': 3, 'stopped_on': 'threshold', 'a_bias': [0.006503414996284023, -0.0030787438609219224, -0.03454233057915172], 'b_bias': [-0.13276861322676917, 0.0069137934726139555, -0.13535858895693972]}, 'MCMC-add': {'a_hat': [-0.02165055669358245, 0.019154132117394935, 0.08335144213863109], 'b_hat': [0.0, 0.0, 0.0], 'sigma_hat': 0.5326968588381394, 'elapsed_s': 0.06910257902927697, 'sd_a': [0.0029753711707086825, 0.0029667329770184, 0.0028714735703645566], 'a_bias': [0.006837849944675026, -0.0006248760767902789, -0.02557030753244817], 'b_bias': [-0.13276861322676917, 0.0069137934726139555, -0.13535858895693972]}, 'MCMC-comb': {'a_hat': [-0.02147511515926192, 0.02025232311263358, 0.0853859795631759], 'b_hat': [0.11778086547917897, 0.0032562508627059974, 0.08744719680165858], 'sigma_hat': 0.526743257776364, 'elapsed_s': 31.891948512056842, 'sd_a': [0.0026955340273902627, 0.00283637092793462, 0.002691068976655978], 'nuts_rhat': 1.0001226277075401, 'nuts_ess': 4793.284988161716, 'nuts_divergences': 0, 'a_bias': [0.007013291478995556, 0.00047331491844836496, -0.023535770107903364], 'b_bias': [-0.014987747747590194, 0.010170044335319952, -0.047911392155281146]}}","[-0.028488406638257475, 0.019779008194185214, 0.10892174967107926]","[0.007013291478995556, 0.00047331491844836496, -0.023535770107903364]","[0.13276861322676917, -0.0069137934726139555, 0.13535858895693972]","[-0.014987747747590194, 0.010170044335319952, -0.047911392155281146]"
70,932659,32512,"[0.019192985898871927, -0.08468337556781122, -0.07588051637844667]","[-0.11977408730694987, -0.08604430940253936, -0.02647724420793377]","[7.340766815681605e-06, 7.44564268569557e-06, 7.426974946335538e-06]","[1.3514901523825062e-05, 1.4305273948256139e-05, 1.3261841180430782e-05]",1433.7181063960816,1.4208343195293e-310,True,"{'OLS': {'a_hat': [0.02117293655391053, -0.08400433299250831, -0.07864095698440707], 'b_hat': [0.0, 0.0, 0.0], 'sigma_hat': None, 'elapsed_s': 0.0008683510823175311, 'a_bias': [0.011960270710499607, -0.0002645106097620975, -0.019200921764533543], 'b_bias': [0.14805365125650163, 0.08881338537336525, 0.03580166880744292]}, 'ElasticNet': {'a_hat': [0.018591397350156885, -0.08122008862871785, -0.07607981939698194], 'b_hat': [0.0, 0.0, 0.0], 'sigma_hat': None, 'elapsed_s': 0.44927447207737714, 'a_bias': [0.009378731506745964, 0.0025197337540283637, -0.016639784177108416], 'b_bias': [0.14805365125650163, 0.08881338537336525, 0.03580166880744292]}, 'ISD-1': {'a_hat': [0.019442011441802846, -0.08171924744690323, -0.07469890990456197], 'b_hat': [0.0, 0.0, 0.0], 'sigma_hat': None, 'elapsed_s': 0.17065500805620104, 'n_steps': 4, 'stopped_on': 'threshold', 'a_bias': [0.010229345598391925, 0.0020205749358429836, -0.01525887468468845], 'b_bias': [0.14805365125650163, 0.08881338537336525, 0.03580166880744292]}, 'ISD-3': {'a_hat': [0.019161312263405016, -0.07657870953417988, -0.07663327329623983], 'b_hat': [0.0, 0.0, 0.0], 'sigma_hat': None, 'elapsed_s': 0.15126918000169098, 'n_steps': 3, 'stopped_on': 'threshold', 'a_bias': [0.009948646419994095, 0.0071611128485663395, -0.017193238076366302], 'b_bias': [0.14805365125650163, 0.08881338537336525, 0.03580166880744292]}, 'MCMC-add': {'a_hat': [0.021161935393007862, -0.08397617342899406, -0.078639217408189], 'b_hat': [0.0, 0.0, 0.0], 'sigma_hat': 0.5278151756633083, 'elapsed_s': 0.0736172420438379, 'sd_a': [0.0029403393389414506, 0.002937618367672393, 0.0028386758034358857], 'a_bias': [0.011949269549596941, -0.00023635104624784853, -0.01919918218831547], 'b_bias': [0.14805365125650163, 0.08881338537336525, 0.03580166880744292]}, 'MCMC-comb': {'a_hat': [0.019192985898871927, -0.08468337556781122, -0.07588051637844667], 'b_hat': [-0.11977408730694987, -0.08604430940253936, -0.02647724420793377], 'sigma_hat': 0.5226739815891019, 'elapsed_s': 31.552522419020534, 'sd_a': [0.0027093849515492634, 0.0027286704978240904, 0.0027252476853188113], 'nuts_rhat': 0.9999911533653931, 'nuts_ess': 5276.873924229538, 'nuts_divergences': 0, 'a_bias': [0.009980320055461006, -0.0009435531850650047, -0.016440481158573148], 'b_bias': [0.028279563949551764, 0.0027690759708258877, 0.009324424599509148]}}","[0.009212665843410921, -0.08373982238274622, -0.059440035219873524]","[0.009980320055461006, -0.0009435531850650047, -0.016440481158573148]","[-0.14805365125650163, -0.08881338537336525, -0.03580166880744292]","[0.028279563949551764, 0.0027690759708258877, 0.009324424599509148]"
71,974146,32512,"[0.08456579396953208, 0.17620883915933683, -0.1297017607505791]","[0.04750418275436122, -0.07165952215678982, 0.017633271094329477]","[8.763244146347327e-06, 8.39950965382327e-06, 8.521732938278205e-06]","[1.5324326440141822e-05, 1.4911092087611311e-05, 1.3711217835060745e-05]",496.1535501221879,3.252717208884364e-107,True,"{'OLS': {'a_hat': [0.08454597479504757, 0.17504612160765756, -0.12724486278408417], 'b_hat': [0.0, 0.0, 0.0], 'sigma_hat': None, 'elapsed_s': 0.0009213789599016309, 'a_bias': [0.004187472857187402, 0.0029691384910591756, 0.010973288753619831], 'b_bias': [-0.03928274682599189, 0.10405439391575344, -0.0474697088463202]}, 'ElasticNet': {'a_hat': [0.08435835222851532, 0.17484081509088592, -0.12706216521551789], 'b_hat': [0.0, 0.0, 0.0], 'sigma_hat': None, 'elapsed_s': 0.23392852302640676, 'a_bias': [0.003999850290655152, 0.002763831974287534, 0.011155986322186118], 'b_bias': [-0.03928274682599189, 0.10405439391575344, -0.0474697088463202]}, 'ISD-1': {'a_hat': [0.08138852397217226, 0.17473316796957847, -0.12342435405947674], 'b_hat': [0.0, 0.0, 0.0], 'sigma_hat': None, 'elapsed_s': 0.19604359497316182, 'n_steps': 4, 'stopped_on': 'threshold', 'a_bias': [0.0010300220343121003, 0.0026561848529800813, 0.01479379747822726], 'b_bias': [-0.03928274682599189, 0.10405439391575344, -0.0474697088463202]}, 'ISD-3': {'a_hat': [0.08027297129506068, 0.17367977250873384, -0.12470481878935356], 'b_hat': [0.0, 0.0, 0.0], 'sigma_hat': None, 'elapsed_s': 0.18965433805715293, 'n_steps': 4, 'stopped_on': 'threshold', 'a_bias': [-8.553064279948064e-05, 0.0016027893921354563, 0.01351333274835044], 'b_bias': [-0.03928274682599189, 0.10405439391575344, -0.0474697088463202]}, 'MCMC-add': {'a_hat': [0.0845510163844589, 0.17504887927723645, -0.12725047389318572], 'b_hat': [0.0, 0.0, 0.0], 'sigma_hat': 0.5430510150833325, 'elapsed_s': 0.074021867942065, 'sd_a': [0.0030229521676599248, 0.0030307715864589736, 0.00292138344503581], 'a_bias': [0.0041925144465987385, 0.00297189616063806, 0.010967677644518281], 'b_bias': [-0.03928274682599189, 0.10405439391575344, -0.0474697088463202]}, 'MCMC-comb': {'a_hat': [0.08456579396953208, 0.17620883915933683, -0.1297017607505791], 'b_hat': [0.04750418275436122, -0.07165952215678982, 0.017633271094329477], 'sigma_hat': 0.5409152709006806, 'elapsed_s': 31.370932589983568, 'sd_a': [0.002960277714395615, 0.0028981907552511565, 0.0029192007362081503], 'nuts_rhat': 1.0001452972749687, 'nuts_ess': 5611.467075547107, 'nuts_divergences': 0, 'a_bias': [0.0042072920316719165, 0.004131856042738441, 0.008516390787124906], 'b_bias': [0.008221435928369325, 0.03239487175896362, -0.029836437751990724]}}","[0.08035850193786016, 0.1720769831165984, -0.138218151537704]","[0.0042072920316719165, 0.004131856042738441, 0.008516390787124906]","[0.03928274682599189, -0.10405439391575344, 0.0474697088463202]","[0.008221435928369325, 0.03239487175896362, -0.029836437751990724]"
72,886194,32512,"[-0.012378717932086614, -0.1935886410176872, 0.1526188532798509]","[-0.053925321728748116, -0.06117277486546482, -0.05641545133451214]","[9.417297028894819e-06, 9.264454180273704e-06, 9.126365239702784e-06]","[1.4119078772072905e-05, 1.65471263055646e-05, 1.5193587187035316e-05]",619.6734825118328,5.474363792228623e-134,True,"{'OLS': {'a_hat': [-0.01332865534436525, -0.19257789212366475, 0.15396720157399704], 'b_hat': [0.0, 0.0, 0.0], 'sigma_hat': None, 'elapsed_s': 0.0009194830199703574, 'a_bias': [-0.00021999027559259018, -0.009487309538911692, 0.061137502417148604], 'b_bias': [0.060500071280873105, 0.053390023837355464, 0.106975241128969]}, 'ElasticNet': {'a_hat': [-0.013136236661353865, -0.1923488022996262, 0.15376136977889426], 'b_hat': [0.0, 0.0, 0.0], 'sigma_hat': None, 'elapsed_s': 0.16288990201428533, 'a_bias': [-2.757159258120513e-05, -0.009258219714873145, 0.060931670622045825], 'b_bias': [0.060500071280873105, 0.053390023837355464, 0.106975241128969]}, 'ISD-1': {'a_hat': [-0.013869648763951036, -0.19208715506710797, 0.14718997352529728], 'b_hat': [0.0, 0.0, 0.0], 'sigma_hat': None, 'elapsed_s': 0.19357133202720433, 'n_steps': 4, 'stopped_on': 'threshold', 'a_bias': [-0.0007609836951783765, -0.008996572482354914, 0.05436027436844884], 'b_bias': [0.060500071280873105, 0.053390023837355464, 0.106975241128969]}, 'ISD-3': {'a_hat': [-0.014641461041247365, -0.1915519266972538, 0.14618689192428858], 'b_hat': [0.0, 0.0, 0.0], 'sigma_hat': None, 'elapsed_s': 0.19153111695777625, 'n_steps': 4, 'stopped_on': 'threshold', 'a_bias': [-0.001532795972474705, -0.00846134411250074, 0.05335719276744014], 'b_bias': [0.060500071280873105, 0.053390023837355464, 0.106975241128969]}, 'MCMC-add': {'a_hat': [-0.013350422743071515, -0.19256368822348358, 0.15395758505657337], 'b_hat': [0.0, 0.0, 0.0], 'sigma_hat': 0.5684561694421897, 'elapsed_s': 0.06560844404157251, 'sd_a': [0.0031584233230781637, 0.0031677042142567624, 0.003052749978364071], 'a_bias': [-0.00024175767429885503, -0.009473105638730522, 0.061127885899724926], 'b_bias': [0.060500071280873105, 0.053390023837355464, 0.106975241128969]}, 'MCMC-comb': {'a_hat': [-0.012378717932086614, -0.1935886410176872, 0.1526188532798509], 'b_hat': [-0.053925321728748116, -0.06117277486546482, -0.05641545133451214], 'sigma_hat': 0.566082345313631, 'elapsed_s': 30.301357064046897, 'sd_a': [0.003068761481264847, 0.0030437565901815645, 0.0030209874610303803], 'nuts_rhat': 1.000207448695922, 'nuts_ess': 5387.408541216451, 'nuts_divergences': 0, 'a_bias': [0.000729947136686046, -0.010498058432934138, 0.05978915412300245], 'b_bias': [0.006574749552124989, -0.007782751028109353, 0.05055978979445686]}}","[-0.01310866506877266, -0.18309058258475305, 0.09282969915684844]","[0.000729947136686046, -0.010498058432934138, 0.05978915412300245]","[-0.060500071280873105, -0.053390023837355464, -0.106975241128969]","[0.006574749552124989, -0.007782751028109353, 0.05055978979445686]"
73,1074394,32512,"[-0.05809538103520763, 0.03573323547928133, 0.015305703852844665]","[0.025048982259849594, 0.027406938051790702, 0.16808972988563828]","[9.211348605005027e-06, 8.851323730375163e-06, 7.265155870621466e-06]","[1.3987880419809228e-05, 1.4511744850992566e-05, 1.4266410159719065e-05]",1627.8203299835805,0.0,True,"{'OLS': {'a_hat': [-0.056562252736472786, 0.035460815297928126, 0.0005609521468830208], 'b_hat': [0.0, 0.0, 0.0], 'sigma_hat': None, 'elapsed_s': 0.0008647500071674585, 'a_bias': [0.00886607493228276, -0.007328228771563597, 0.019485386240523574], 'b_bias': [-0.032866200228248106, -0.03619218539288437, -0.1320661655528167]}, 'ElasticNet': {'a_hat': [-0.03733664662847754, 0.016608437565530126, 0.0], 'b_hat': [0.0, 0.0, 0.0], 'sigma_hat': None, 'elapsed_s': 0.27455136296339333, 'a_bias': [0.028091681040278003, -0.026180606503961597, 0.018924434093640554], 'b_bias': [-0.032866200228248106, -0.03619218539288437, -0.1320661655528167]}, 'ISD-1': {'a_hat': [-0.052780318567704015, 0.031395435888913636, 0.0], 'b_hat': [0.0, 0.0, 0.0], 'sigma_hat': None, 'elapsed_s': 0.10580559901427478, 'n_steps': 2, 'stopped_on': 'threshold', 'a_bias': [0.01264800910105153, -0.011393608180578087, 0.018924434093640554], 'b_bias': [-0.032866200228248106, -0.03619218539288437, -0.1320661655528167]}, 'ISD-3': {'a_hat': [-0.051977641798386154, 0.03072990234620303, 0.0], 'b_hat': [0.0, 0.0, 0.0], 'sigma_hat': None, 'elapsed_s': 0.11012474203016609, 'n_steps': 2, 'stopped_on': 'threshold', 'a_bias': [0.013450685870369392, -0.012059141723288692, 0.018924434093640554], 'b_bias': [-0.032866200228248106, -0.03619218539288437, -0.1320661655528167]}, 'MCMC-add': {'a_hat': [-0.05654555058408634, 0.03545932577570487, 0.0005658938746371495], 'b_hat': [0.0, 0.0, 0.0], 'sigma_hat': 0.5787782582131962, 'elapsed_s': 0.07884288299828768, 'sd_a': [0.0032204021161282305, 0.003215106381240491, 0.003114724552289569], 'a_bias': [0.008882777084669204, -0.007329718293786855, 0.019490327968277703], 'b_bias': [-0.032866200228248106, -0.03619218539288437, -0.1320661655528167]}, 'MCMC-comb': {'a_hat': [-0.05809538103520763, 0.03573323547928133, 0.015305703852844665], 'b_hat': [0.025048982259849594, 0.027406938051790702, 0.16808972988563828], 'sigma_hat': 0.5740645936923401, 'elapsed_s': 32.32927469199058, 'sd_a': [0.003035020363194459, 0.00297511743135883, 0.0026953953087852376], 'nuts_rhat': 0.9999526295934126, 'nuts_ess': 5249.528491421024, 'nuts_divergences': 0, 'a_bias': [0.007332946633547915, -0.007055808590210391, 0.03423013794648522], 'b_bias': [-0.007817217968398512, -0.00878524734109367, 0.036023564332821584]}}","[-0.06542832766875555, 0.04278904406949172, -0.018924434093640554]","[0.007332946633547915, -0.007055808590210391, 0.03423013794648522]","[0.032866200228248106, 0.03619218539288437, 0.1320661655528167]","[-0.007817217968398512, -0.00878524734109367, 0.036023564332821584]"
74,947010,32512,"[-0.03230472310207146, -0.15388273202384387, 0.1277894274331474]","[-0.03251043109912644, 0.0796345836019141, 0.040549767379211135]","[7.446675748240383e-06, 8.043117487440975e-06, 7.64731356390954e-06]","[1.441186938163219e-05, 1.3572442398914124e-05, 1.5558670279834734e-05]",614.7936995620621,6.25538209389471e-133,True,"{'OLS': {'a_hat': [-0.033017537418359534, -0.15206731331676798, 0.12773675088804964], 'b_hat': [0.0, 0.0, 0.0], 'sigma_hat': None, 'elapsed_s': 0.0009878440760076046, 'a_bias': [0.0012610776680783975, -0.004381531632194791, 0.02101450923085134], 'b_bias': [0.03314881720972547, -0.1114592444577377, -0.03833771131824704]}, 'ElasticNet': {'a_hat': [-0.032862440886299804, -0.1518924887497191, 0.12757789688005738], 'b_hat': [0.0, 0.0, 0.0], 'sigma_hat': None, 'elapsed_s': 0.14365057891700417, 'a_bias': [0.0014161742001381275, -0.00420670706514592, 0.02085565522285908], 'b_bias': [0.03314881720972547, -0.1114592444577377, -0.03833771131824704]}, 'ISD-1': {'a_hat': [-0.0328755161512933, -0.15044714856405547, 0.11945185649202526], 'b_hat': [0.0, 0.0, 0.0], 'sigma_hat': None, 'elapsed_s': 0.1959248409839347, 'n_steps': 4, 'stopped_on': 'threshold', 'a_bias': [0.0014030989351446338, -0.00276136687948228, 0.012729614834826958], 'b_bias': [0.03314881720972547, -0.1114592444577377, -0.03833771131824704]}, 'ISD-3': {'a_hat': [-0.03285214328890138, -0.1503226557168627, 0.11626023172167206], 'b_hat': [0.0, 0.0, 0.0], 'sigma_hat': None, 'elapsed_s': 0.27136094798333943, 'n_steps': 4, 'stopped_on': 'threshold', 'a_bias': [0.0014264717975365493, -0.0026368740322895157, 0.009537990064473756], 'b_bias': [0.03314881720972547, -0.1114592444577377, -0.03833771131824704]}, 'MCMC-add': {'a_hat': [-0.033018101638674344, -0.15208155428170625, 0.12776260832638928], 'b_hat': [0.0, 0.0, 0.0], 'sigma_hat': 0.52803115826988, 'elapsed_s': 0.07370556204114109, 'sd_a': [0.0029422146482610072, 0.002945071530054018, 0.0028543218387730262], 'a_bias': [0.001260513447763588, -0.0043957725971330575, 0.02104036666919097], 'b_bias': [0.03314881720972547, -0.1114592444577377, -0.03833771131824704]}, 'MCMC-comb': {'a_hat': [-0.03230472310207146, -0.15388273202384387, 0.1277894274331474], 'b_hat': [-0.03251043109912644, 0.0796345836019141, 0.040549767379211135], 'sigma_hat': 0.5257153849814107, 'elapsed_s': 31.399943416006863, 'sd_a': [0.002728859789040174, 0.002836039048997911, 0.0027653776530357547], 'nuts_rhat': 1.0000831503873473, 'nuts_ess': 5294.623686631683, 'nuts_divergences': 0, 'a_bias': [0.0019738919843664687, -0.006196950339270674, 0.021067185775949085], 'b_bias': [0.0006383861105990277, -0.0318246608558236, 0.002212056060964092]}}","[-0.03427861508643793, -0.1476857816845732, 0.1067222416571983]","[0.0019738919843664687, -0.006196950339270674, 0.021067185775949085]","[-0.03314881720972547, 0.1114592444577377, 0.03833771131824704]","[0.0006383861105990277, -0.0318246608558236, 0.002212056060964092]"
75,969435,32512,"[-0.01335535536816093, 0.038691991017214794, 0.18808745670398264]","[0.18247442109392345, 0.012787401533499568, 0.018745252008752645]","[6.192074412072412e-06, 8.255260920866034e-06, 7.468440302098652e-06]","[1.0518248167966833e-05, 1.3549993201921668e-05, 1.5224522030709506e-05]",2263.5381292809034,0.0,True,"{'OLS': {'a_hat': [-0.013031976422254591, 0.04127324543065287, 0.18632626524411663], 'b_hat': [0.0, 0.0, 0.0], 'sigma_hat': None, 'elapsed_s': 0.0009084289195016026, 'a_bias': [8.1776598079902e-05, 0.006395656026023357, -0.008774990768513319], 'b_bias': [-0.20769805290537532, -0.006938113513277871, -0.01601905933170753]}, 'ElasticNet': {'a_hat': [-0.012465604342404004, 0.04068052215821527, 0.18570195907353637], 'b_hat': [0.0, 0.0, 0.0], 'sigma_hat': None, 'elapsed_s': 0.1766120110405609, 'a_bias': [0.000648148677930489, 0.00580293275358576, -0.009399296939093582], 'b_bias': [-0.20769805290537532, -0.006938113513277871, -0.01601905933170753]}, 'ISD-1': {'a_hat': [-0.014208061327630177, 0.04199605841653207, 0.17422128973699566], 'b_hat': [0.0, 0.0, 0.0], 'sigma_hat': None, 'elapsed_s': 0.2065476250136271, 'n_steps': 4, 'stopped_on': 'threshold', 'a_bias': [-0.0010943083072956841, 0.007118469011902558, -0.020879966275634293], 'b_bias': [-0.20769805290537532, -0.006938113513277871, -0.01601905933170753]}, 'ISD-3': {'a_hat': [-0.012313182746242032, 0.0377876618860855, 0.17532701933852543], 'b_hat': [0.0, 0.0, 0.0], 'sigma_hat': None, 'elapsed_s': 0.15073001803830266, 'n_steps': 3, 'stopped_on': 'threshold', 'a_bias': [0.000800570274092461, 0.002910072481455986, -0.019774236674104523], 'b_bias': [-0.20769805290537532, -0.006938113513277871, -0.01601905933170753]}, 'MCMC-add': {'a_hat': [-0.013039521965064839, 0.04125824389793475, 0.18632005671417795], 'b_hat': [0.0, 0.0, 0.0], 'sigma_hat': 0.5469929328807303, 'elapsed_s': 0.07490387395955622, 'sd_a': [0.0030502125358577844, 0.0030298788834859725, 0.002948359699114136], 'a_bias': [7.423105526965443e-05, 0.006380654493305236, -0.008781199298452003], 'b_bias': [-0.20769805290537532, -0.006938113513277871, -0.01601905933170753]}, 'MCMC-comb': {'a_hat': [-0.01335535536816093, 0.038691991017214794, 0.18808745670398264], 'b_hat': [0.18247442109392345, 0.012787401533499568, 0.018745252008752645], 'sigma_hat': 0.5372308572732785, 'elapsed_s': 31.500690978951752, 'sd_a': [0.0024883879143076573, 0.002873196986088151, 0.002732844727037863], 'nuts_rhat': 1.0006692659824699, 'nuts_ess': 4716.858022680583, 'nuts_divergences': 0, 'a_bias': [-0.00024160234782643654, 0.003814401612585283, -0.007013799308647317], 'b_bias': [-0.025223631811451874, 0.005849288020221697, 0.0027261926770451132]}}","[-0.013113753020334493, 0.03487758940462951, 0.19510125601262995]","[-0.00024160234782643654, 0.003814401612585283, -0.007013799308647317]","[0.20769805290537532, 0.006938113513277871, 0.01601905933170753]","[-0.025223631811451874, 0.005849288020221697, 0.0027261926770451132]"
76,949901,32512,"[0.10742585987123243, -0.07709920829700816, -0.007467338243947829]","[0.014663914917777713, 0.040186056951299724, -0.11548361383879718]","[9.198038479555882e-06, 8.641133193444834e-06, 7.757483609096605e-06]","[1.4007051674621748e-05, 1.5179025438902691e-05, 1.086263770915176e-05]",1203.7600224652779,1.1204763813797814e-260,True,"{'OLS': {'a_hat': [0.10783703321343335, -0.07716453568531371, -0.01743682445118483], 'b_hat': [0.0, 0.0, 0.0], 'sigma_hat': None, 'elapsed_s': 0.0008911580080166459, 'a_bias': [0.00021301746679479316, 0.007401567591421007, -0.05074386171301034], 'b_bias': [0.0025862847953856405, -0.03139082114575536, 0.08333688059494058]}, 'ElasticNet': {'a_hat': [0.10771858449471532, -0.07704768721701023, -0.017334990550999057], 'b_hat': [0.0, 0.0, 0.0], 'sigma_hat': None, 'elapsed_s': 0.12413658399600536, 'a_bias': [9.456874807675653e-05, 0.007518416059724489, -0.050642027812824564], 'b_bias': [0.0025862847953856405, -0.03139082114575536, 0.08333688059494058]}, 'ISD-1': {'a_hat': [0.10727678230762781, -0.0706500614576325, 0.0], 'b_hat': [0.0, 0.0, 0.0], 'sigma_hat': None, 'elapsed_s': 0.15540042310021818, 'n_steps': 3, 'stopped_on': 'threshold', 'a_bias': [-0.00034723343901074677, 0.01391604181910222, -0.03330703726182551], 'b_bias': [0.0025862847953856405, -0.03139082114575536, 0.08333688059494058]}, 'ISD-3': {'a_hat': [0.10130269356231526, -0.07044649465003677, 0.0], 'b_hat': [0.0, 0.0, 0.0], 'sigma_hat': None, 'elapsed_s': 0.1395389549434185, 'n_steps': 2, 'stopped_on': 'threshold', 'a_bias': [-0.006321322184323297, 0.01411960862669795, -0.03330703726182551], 'b_bias': [0.0025862847953856405, -0.03139082114575536, 0.08333688059494058]}, 'MCMC-add': {'a_hat': [0.1078280811621402, -0.0771712704739198, -0.01743522112331915], 'b_hat': [0.0, 0.0, 0.0], 'sigma_hat': 0.5547755432958156, 'elapsed_s': 0.06995134195312858, 'sd_a': [0.003088990995387394, 0.0030816003682832996, 0.002985390747846045], 'a_bias': [0.00020406541550163637, 0.007394832802814916, -0.050742258385144665], 'b_bias': [0.0025862847953856405, -0.03139082114575536, 0.08333688059494058]}, 'MCMC-comb': {'a_hat': [0.10742585987123243, -0.07709920829700816, -0.007467338243947829], 'b_hat': [0.014663914917777713, 0.040186056951299724, -0.11548361383879718], 'sigma_hat': 0.548877621712379, 'elapsed_s': 31.334909543045796, 'sd_a': [0.0030328268133139225, 0.0029395804451392096, 0.0027852259529698134], 'nuts_rhat': 1.000101728598207, 'nuts_ess': 6081.909704707502, 'nuts_divergences': 0, 'a_bias': [-0.000198155875406128, 0.0074668949797265655, -0.04077437550577334], 'b_bias': [0.017250199713163356, 0.008795235805544366, -0.0321467332438566]}}","[0.10762401574663856, -0.08456610327673472, 0.03330703726182551]","[-0.000198155875406128, 0.0074668949797265655, -0.04077437550577334]","[-0.0025862847953856405, 0.03139082114575536, -0.08333688059494058]","[0.017250199713163356, 0.008795235805544366, -0.0321467332438566]"
77,950030,32512,"[-0.16168885059631832, -0.20846122116888563, -0.1173359182405302]","[-0.06248992004640591, -0.05124709960764541, 0.15200441695706005]","[8.031902478223061e-06, 8.482496968131426e-06, 7.054142083964041e-06]","[1.5049461827590858e-05, 1.4025256940450053e-05, 1.1230406112311586e-05]",2266.1962275876576,0.0,True,"{'OLS': {'a_hat': [-0.16081530884902517, -0.2075063906579373, -0.11770118296340329], 'b_hat': [0.0, 0.0, 0.0], 'sigma_hat': None, 'elapsed_s': 0.0008928210008889437, 'a_bias': [-0.0018585595181282721, -0.00020804705880811403, -0.005962771664442507], 'b_bias': [0.0458675284939333, 0.029319158664876183, -0.1937231162429517]}, 'ElasticNet': {'a_hat': [-0.16057222862298612, -0.20725571660858977, -0.11747992433187726], 'b_hat': [0.0, 0.0, 0.0], 'sigma_hat': None, 'elapsed_s': 0.17105450597591698, 'a_bias': [-0.001615479292089217, 4.262699053941832e-05, -0.005741513032916479], 'b_bias': [0.0458675284939333, 0.029319158664876183, -0.1937231162429517]}, 'ISD-1': {'a_hat': [-0.16495486937128506, -0.20726673373796015, -0.12010994873889311], 'b_hat': [0.0, 0.0, 0.0], 'sigma_hat': None, 'elapsed_s': 0.22576657007448375, 'n_steps': 5, 'stopped_on': 'threshold', 'a_bias': [-0.005998120040388161, 3.160986116904074e-05, -0.008371537439932325], 'b_bias': [0.0458675284939333, 0.029319158664876183, -0.1937231162429517]}, 'ISD-3': {'a_hat': [-0.163271520223779, -0.20642755189369713, -0.12034790129927887], 'b_hat': [0.0, 0.0, 0.0], 'sigma_hat': None, 'elapsed_s': 0.2226129570044577, 'n_steps': 5, 'stopped_on': 'threshold', 'a_bias': [-0.004314770892882097, 0.0008707917054320558, -0.00860949000031809], 'b_bias': [0.0458675284939333, 0.029319158664876183, -0.1937231162429517]}, 'MCMC-add': {'a_hat': [-0.16081164733391667, -0.20751297757509773, -0.11770980493638547], 'b_hat': [0.0, 0.0, 0.0], 'sigma_hat': 0.5571456720552301, 'elapsed_s': 0.09059857705142349, 'sd_a': [0.0030986065644765773, 0.0031021275721714145, 0.002997988110602368], 'a_bias': [-0.0018548980030197726, -0.00021463397596854783, -0.005971393637424688], 'b_bias': [0.0458675284939333, 0.029319158664876183, -0.1937231162429517]}, 'MCMC-comb': {'a_hat': [-0.16168885059631832, -0.20846122116888563, -0.1173359182405302], 'b_hat': [-0.06248992004640591, -0.05124709960764541, 0.15200441695706005], 'sigma_hat': 0.5475668094607022, 'elapsed_s': 31.70754836197011, 'sd_a': [0.0028340611281733254, 0.0029124726553448406, 0.0026559634944712703], 'nuts_rhat': 1.0000497735186071, 'nuts_ess': 5225.211478962543, 'nuts_divergences': 0, 'a_bias': [-0.0027321012654214216, -0.001162877569756443, -0.005597506941569422], 'b_bias': [-0.01662239155247261, -0.021927940942769227, -0.04171869928589164]}}","[-0.1589567493308969, -0.2072983435991292, -0.11173841129896078]","[-0.0027321012654214216, -0.001162877569756443, -0.005597506941569422]","[-0.0458675284939333, -0.029319158664876183, 0.1937231162429517]","[-0.01662239155247261, -0.021927940942769227, -0.04171869928589164]"
78,973990,32512,"[0.11860616930743086, -0.10210491008349863, 0.06867167052470893]","[-0.014735527026306764, -0.033032226279886015, 0.06312363545764393]","[8.1483075168359e-06, 8.157562592544398e-06, 7.406609403600846e-06]","[1.548288701653217e-05, 1.5709440422036912e-05, 1.4415191984212226e-05]",358.31127201518393,2.3657737161795435e-77,True,"{'OLS': {'a_hat': [0.11800376955920525, -0.10160117162590185, 0.06866915940519297], 'b_hat': [0.0, 0.0, 0.0], 'sigma_hat': None, 'elapsed_s': 0.0008975539822131395, 'a_bias': [0.007404432568475422, -0.005392059991739112, 0.033898314160097275], 'b_bias': [0.04070782363503251, 0.028436383804009514, -0.018532564941538203]}, 'ElasticNet': {'a_hat': [0.1178514334306333, -0.10145330584030318, 0.06853318416113971], 'b_hat': [0.0, 0.0, 0.0], 'sigma_hat': None, 'elapsed_s': 0.4021237139822915, 'a_bias': [0.007252096439903474, -0.005244194206140446, 0.033762338916044014], 'b_bias': [0.04070782363503251, 0.028436383804009514, -0.018532564941538203]}, 'ISD-1': {'a_hat': [0.11603570022972842, -0.1005935852799759, 0.06821245785755155], 'b_hat': [0.0, 0.0, 0.0], 'sigma_hat': None, 'elapsed_s': 0.22923371801152825, 'n_steps': 5, 'stopped_on': 'threshold', 'a_bias': [0.005436363238998598, -0.004384473645813167, 0.03344161261245585], 'b_bias': [0.04070782363503251, 0.028436383804009514, -0.018532564941538203]}, 'ISD-3': {'a_hat': [0.1152358097081867, -0.10048696243420843, 0.07159769580998783], 'b_hat': [0.0, 0.0, 0.0], 'sigma_hat': None, 'elapsed_s': 0.23169042798690498, 'n_steps': 5, 'stopped_on': 'threshold', 'a_bias': [0.004636472717456874, -0.004277850800045696, 0.036826850564892134], 'b_bias': [0.04070782363503251, 0.028436383804009514, -0.018532564941538203]}, 'MCMC-add': {'a_hat': [0.11800357059308625, -0.10160325215168513, 0.06868331436685807], 'b_hat': [0.0, 0.0, 0.0], 'sigma_hat': 0.5243428449491551, 'elapsed_s': 0.07097682694438845, 'sd_a': [0.0029159456028918264, 0.0029180441783196232, 0.002825601542193918], 'a_bias': [0.007404233602356425, -0.005394140517522392, 0.03391246912176237], 'b_bias': [0.04070782363503251, 0.028436383804009514, -0.018532564941538203]}, 'MCMC-comb': {'a_hat': [0.11860616930743086, -0.10210491008349863, 0.06867167052470893], 'b_hat': [-0.014735527026306764, -0.033032226279886015, 0.06312363545764393], 'sigma_hat': 0.5231325316965074, 'elapsed_s': 30.876837639021687, 'sd_a': [0.002854524043835662, 0.0028561447079138687, 0.0027215086631500636], 'nuts_rhat': 1.000300128704834, 'nuts_ess': 5561.103125824547, 'nuts_divergences': 0, 'a_bias': [0.008006832316701032, -0.005895798449335896, 0.03390082527961324], 'b_bias': [0.025972296608725746, -0.004595842475876501, 0.04459107051610573]}}","[0.11059933699072982, -0.09620911163416274, 0.034770845245095695]","[0.008006832316701032, -0.005895798449335896, 0.03390082527961324]","[-0.04070782363503251, -0.028436383804009514, 0.018532564941538203]","[0.025972296608725746, -0.004595842475876501, 0.04459107051610573]"
79,931075,32512,"[0.06529534231011218, -0.031994091205270934, 0.036762475084265916]","[-0.09216377700658757, -0.0067237843036876, 0.1467411013994473]","[7.553058292296111e-06, 8.532078885067321e-06, 6.512806183358884e-06]","[1.3097984157121949e-05, 1.4387576446470069e-05, 1.2017681603144525e-05]",2114.181677353401,0.0,True,"{'OLS': {'a_hat': [0.06864730177295511, -0.03295482865912468, 0.037280647555749696], 'b_hat': [0.0, 0.0, 0.0], 'sigma_hat': None, 'elapsed_s': 0.0008975549135357141, 'a_bias': [0.006730190075415782, 0.0009710197292768577, -0.06910450571768616], 'b_bias': [0.11419382261424041, -0.0006339062362268442, -0.2597673726595832]}, 'ElasticNet': {'a_hat': [0.0678565062691588, -0.032201972765066436, 0.036564000174040066], 'b_hat': [0.0, 0.0, 0.0], 'sigma_hat': None, 'elapsed_s': 0.3086577480426058, 'a_bias': [0.005939394571619475, 0.0017238756233350985, -0.0698211530993958], 'b_bias': [0.11419382261424041, -0.0006339062362268442, -0.2597673726595832]}, 'ISD-1': {'a_hat': [0.06167316595255472, -0.030974007399438525, 0.0], 'b_hat': [0.0, 0.0, 0.0], 'sigma_hat': None, 'elapsed_s': 0.10231600201223046, 'n_steps': 2, 'stopped_on': 'threshold', 'a_bias': [-0.00024394574498461108, 0.0029518409889630094, -0.10638515327343585], 'b_bias': [0.11419382261424041, -0.0006339062362268442, -0.2597673726595832]}, 'ISD-3': {'a_hat': [0.06346382537259035, -0.029912120411960803, 0.0], 'b_hat': [0.0, 0.0, 0.0], 'sigma_hat': None, 'elapsed_s': 0.11212520697154105, 'n_steps': 2, 'stopped_on': 'threshold', 'a_bias': [0.0015467136750510202, 0.004013727976440732, -0.10638515327343585], 'b_bias': [0.11419382261424041, -0.0006339062362268442, -0.2597673726595832]}, 'MCMC-add': {'a_hat': [0.06863529686284747, -0.032957957042205444, 0.0372824445381925], 'b_hat': [0.0, 0.0, 0.0], 'sigma_hat': 0.54439177657543, 'elapsed_s': 0.10380621103104204, 'sd_a': [0.0030357977060753243, 0.0030186374266968183, 0.0029258906064998616], 'a_bias': [0.006718185165308144, 0.0009678913461960911, -0.06910270873524335], 'b_bias': [0.11419382261424041, -0.0006339062362268442, -0.2597673726595832]}, 'MCMC-comb': {'a_hat': [0.06529534231011218, -0.031994091205270934, 0.036762475084265916], 'b_hat': [-0.09216377700658757, -0.0067237843036876, 0.1467411013994473], 'sigma_hat': 0.5365657218101824, 'elapsed_s': 31.21045898203738, 'sd_a': [0.002748282789724542, 0.0029209722499652954, 0.002552020020172037], 'nuts_rhat': 0.9999790522560239, 'nuts_ess': 4945.136697433938, 'nuts_divergences': 0, 'a_bias': [0.0033782306125728495, 0.0019317571831306002, -0.06962267818916994], 'b_bias': [0.022030045607652843, -0.007357690539914445, -0.11302627126013592]}}","[0.06191711169753933, -0.033925848388401535, 0.10638515327343585]","[0.0033782306125728495, 0.0019317571831306002, -0.06962267818916994]","[-0.11419382261424041, 0.0006339062362268442, 0.2597673726595832]","[0.022030045607652843, -0.007357690539914445, -0.11302627126013592]"
80,993151,32512,"[0.02732903920564483, 0.13770994703133815, 0.05436665680649343]","[0.05541866925613632, 0.010216500364159001, -0.0003538127617775984]","[9.001240529230543e-06, 9.422515635612505e-06, 9.06429938720224e-06]","[1.4562165358280963e-05, 1.5485230370792665e-05, 1.4679842621586956e-05]",205.30478174372547,3.012123720152813e-44,True,"{'OLS': {'a_hat': [0.026817263186754283, 0.1384159293280833, 0.05419754422759685], 'b_hat': [0.0, 0.0, 0.0], 'sigma_hat': None, 'elapsed_s': 0.0009096859721466899, 'a_bias': [0.004509288924226772, -0.004905521332533969, 0.04504552641027603], 'b_bias': [-0.05807770953297967, 0.005678319439269153, 0.017040758116420442]}, 'ElasticNet': {'a_hat': [0.026673859465219475, 0.138258385204779, 0.05405856536327545], 'b_hat': [0.0, 0.0, 0.0], 'sigma_hat': None, 'elapsed_s': 0.645248582935892, 'a_bias': [0.004365885202691964, -0.0050630654558382615, 0.04490654754595463], 'b_bias': [-0.05807770953297967, 0.005678319439269153, 0.017040758116420442]}, 'ISD-1': {'a_hat': [0.02385498987554752, 0.1347011422179637, 0.0], 'b_hat': [0.0, 0.0, 0.0], 'sigma_hat': None, 'elapsed_s': 0.1379698959644884, 'n_steps': 3, 'stopped_on': 'threshold', 'a_bias': [0.0015470156130200086, -0.008620308442653574, -0.009152017817320819], 'b_bias': [-0.05807770953297967, 0.005678319439269153, 0.017040758116420442]}, 'ISD-3': {'a_hat': [0.0236534746074953, 0.13341504175757338, 0.0], 'b_hat': [0.0, 0.0, 0.0], 'sigma_hat': None, 'elapsed_s': 0.15180087892804295, 'n_steps': 3, 'stopped_on': 'threshold', 'a_bias': [0.00134550034496779, -0.009906408903043895, -0.009152017817320819], 'b_bias': [-0.05807770953297967, 0.005678319439269153, 0.017040758116420442]}, 'MCMC-add': {'a_hat': [0.026792216547984377, 0.13842497524783037, 0.05417340033693542], 'b_hat': [0.0, 0.0, 0.0], 'sigma_hat': 0.5456900256203494, 'elapsed_s': 0.06930024002213031, 'sd_a': [0.0030447878802607486, 0.003031724702116113, 0.0029306125371924927], 'a_bias': [0.004484242285456866, -0.004896475412786899, 0.0450213825196146], 'b_bias': [-0.05807770953297967, 0.005678319439269153, 0.017040758116420442]}, 'MCMC-comb': {'a_hat': [0.02732903920564483, 0.13770994703133815, 0.05436665680649343], 'b_hat': [0.05541866925613632, 0.010216500364159001, -0.0003538127617775984], 'sigma_hat': 0.5447330122902856, 'elapsed_s': 30.370523512014188, 'sd_a': [0.003000206747747652, 0.0030696116424740938, 0.0030106974918118626], 'nuts_rhat': 1.0004448474229009, 'nuts_ess': 5716.195878156714, 'nuts_divergences': 0, 'a_bias': [0.005021064943117319, -0.005611503629279119, 0.045214638989172606], 'b_bias': [-0.002659040276843355, 0.015894819803428155, 0.016686945354642845]}}","[0.02230797426252751, 0.14332145066061727, 0.009152017817320819]","[0.005021064943117319, -0.005611503629279119, 0.045214638989172606]","[0.05807770953297967, -0.005678319439269153, -0.017040758116420442]","[-0.002659040276843355, 0.015894819803428155, 0.016686945354642845]"
81,958596,32512,"[-0.08126576326793804, 0.040390376760191686, -0.050969838701953034]","[0.05549376329135167, 0.08869700487373722, 0.05820537226537072]","[7.866161764038271e-06, 8.576904946192425e-06, 7.819071152282941e-06]","[1.4460977839291415e-05, 1.3808394034436741e-05, 1.3655419946254361e-05]",995.4719043319055,1.7274787312698185e-215,True,"{'OLS': {'a_hat': [-0.08024387866000887, 0.04267921692403573, -0.04567130253725755], 'b_hat': [0.0, 0.0, 0.0], 'sigma_hat': None, 'elapsed_s': 0.0009034379618242383, 'a_bias': [-0.0022956389874669025, -0.0003509189717195993, 0.03948241638131925], 'b_bias': [-0.06655852363134292, -0.10852870044459101, -0.03665314072372299]}, 'ElasticNet': {'a_hat': [-0.07953733048825895, 0.04200749445110917, -0.045032713336473996], 'b_hat': [0.0, 0.0, 0.0], 'sigma_hat': None, 'elapsed_s': 0.16380688396748155, 'a_bias': [-0.0015890908157169814, -0.001022641444646158, 0.040121005582102805], 'b_bias': [-0.06655852363134292, -0.10852870044459101, -0.03665314072372299]}, 'ISD-1': {'a_hat': [-0.07419490103813799, 0.039577362071613595, 0.0], 'b_hat': [0.0, 0.0, 0.0], 'sigma_hat': None, 'elapsed_s': 0.10058351804036647, 'n_steps': 2, 'stopped_on': 'threshold', 'a_bias': [0.0037533386344039826, -0.0034527738241417333, 0.0851537189185768], 'b_bias': [-0.06655852363134292, -0.10852870044459101, -0.03665314072372299]}, 'ISD-3': {'a_hat': [-0.074286529398882, 0.040407967723680036, 0.0], 'b_hat': [0.0, 0.0, 0.0], 'sigma_hat': None, 'elapsed_s': 0.1561682999599725, 'n_steps': 2, 'stopped_on': 'threshold', 'a_bias': [0.0036617102736599683, -0.0026221681720752926, 0.0851537189185768], 'b_bias': [-0.06655852363134292, -0.10852870044459101, -0.03665314072372299]}, 'MCMC-add': {'a_hat': [-0.08022910250241141, 0.04268619533588773, -0.045683876763386415], 'b_hat': [0.0, 0.0, 0.0], 'sigma_hat': 0.5368606894267962, 'elapsed_s': 0.06259913800749928, 'sd_a': [0.0029832395496610293, 0.0029688665351189137, 0.0028931854778700525], 'a_bias': [-0.0022808628298694456, -0.00034394055986759764, 0.039469842155190386], 'b_bias': [-0.06655852363134292, -0.10852870044459101, -0.03665314072372299]}, 'MCMC-comb': {'a_hat': [-0.08126576326793804, 0.040390376760191686, -0.050969838701953034], 'b_hat': [0.05549376329135167, 0.08869700487373722, 0.05820537226537072], 'sigma_hat': 0.532524789510783, 'elapsed_s': 31.61606618994847, 'sd_a': [0.0028046678527123797, 0.0029286353385480452, 0.002796260208257261], 'nuts_rhat': 0.9999081280616168, 'nuts_ess': 5574.150986070569, 'nuts_divergences': 0, 'a_bias': [-0.0033175235953960686, -0.002639759135563642, 0.03418388021662377], 'b_bias': [-0.011064760339991243, -0.01983169557085379, 0.021552231541647725]}}","[-0.07794823967254197, 0.04303013589575533, -0.0851537189185768]","[-0.0033175235953960686, -0.002639759135563642, 0.03418388021662377]","[0.06655852363134292, 0.10852870044459101, 0.03665314072372299]","[-0.011064760339991243, -0.01983169557085379, 0.021552231541647725]"
82,1007003,32512,"[-0.020164355985571047, 0.039250851168096824, 0.038187436125291636]","[0.07602535451591101, -0.15669311042430345, 0.03778254594883826]","[9.009482516725742e-06, 7.385371291903812e-06, 8.218441053951941e-06]","[1.1404622768710151e-05, 1.1526785976652636e-05, 1.3277716636004484e-05]",2230.2146734283306,0.0,True,"{'OLS': {'a_hat': [-0.019448571609780668, 0.03692855244513434, 0.042473176336302154], 'b_hat': [0.0, 0.0, 0.0], 'sigma_hat': None, 'elapsed_s': 0.0009016860276460648, 'a_bias': [0.009176301745788519, -0.008468005485735265, 0.07334048189094342], 'b_bias': [-0.09355471254651493, 0.18314060842151236, 0.033560736811864625]}, 'ElasticNet': {'a_hat': [-0.01940272818040449, 0.03688118296609787, 0.04242918610362598], 'b_hat': [0.0, 0.0, 0.0], 'sigma_hat': None, 'elapsed_s': 0.16347351798322052, 'a_bias': [0.009222145175164696, -0.00851537496477174, 0.07329649165826724], 'b_bias': [-0.09355471254651493, 0.18314060842151236, 0.033560736811864625]}, 'ISD-1': {'a_hat': [-0.01923232595739875, 0.03507567422501205, 0.0], 'b_hat': [0.0, 0.0, 0.0], 'sigma_hat': None, 'elapsed_s': 0.100612209062092, 'n_steps': 2, 'stopped_on': 'threshold', 'a_bias': [0.009392547398170439, -0.010320883705857556, 0.03086730555464126], 'b_bias': [-0.09355471254651493, 0.18314060842151236, 0.033560736811864625]}, 'ISD-3': {'a_hat': [-0.019347342794829754, 0.034439746555112595, 0.0], 'b_hat': [0.0, 0.0, 0.0], 'sigma_hat': None, 'elapsed_s': 0.13835683302022517, 'n_steps': 2, 'stopped_on': 'threshold', 'a_bias': [0.009277530560739433, -0.010956811375757013, 0.03086730555464126], 'b_bias': [-0.09355471254651493, 0.18314060842151236, 0.033560736811864625]}, 'MCMC-add': {'a_hat': [-0.019454045640542424, 0.036939766220103275, 0.042459230755608666], 'b_hat': [0.0, 0.0, 0.0], 'sigma_hat': 0.5818536155945115, 'elapsed_s': 0.09146577503997833, 'sd_a': [0.00323701026738419, 0.003240209213203123, 0.0031368656918339777], 'a_bias': [0.009170827715026763, -0.008456791710766333, 0.07332653631024993], 'b_bias': [-0.09355471254651493, 0.18314060842151236, 0.033560736811864625]}, 'MCMC-comb': {'a_hat': [-0.020164355985571047, 0.039250851168096824, 0.038187436125291636], 'b_hat': [0.07602535451591101, -0.15669311042430345, 0.03778254594883826], 'sigma_hat': 0.5715808823911283, 'elapsed_s': 31.707882137969136, 'sd_a': [0.0030015800033858404, 0.0027176039615631658, 0.0028667823520372], 'nuts_rhat': 1.0003869325330794, 'nuts_ess': 5296.355571605209, 'nuts_divergences': 0, 'a_bias': [0.00846051736999814, -0.006145706762772783, 0.06905474167993289], 'b_bias': [-0.017529358030603917, 0.026447497997208913, 0.07134328276070288]}}","[-0.028624873355569187, 0.04539655793086961, -0.03086730555464126]","[0.00846051736999814, -0.006145706762772783, 0.06905474167993289]","[0.09355471254651493, -0.18314060842151236, -0.033560736811864625]","[-0.017529358030603917, 0.026447497997208913, 0.07134328276070288]"
83,1021944,32512,"[-0.18752326374647335, -0.14415256725669817, 0.1138753760034415]","[0.060605047526872374, -0.07458570514629378, -0.15113896704122087]","[7.791120397130153e-06, 7.500761250172989e-06, 5.95207217576755e-06]","[1.4199731693071626e-05, 1.3832484792929527e-05, 8.923603212622912e-06]",2467.0479523330723,0.0,True,"{'OLS': {'a_hat': [-0.18622590939934666, -0.14371187684492429, 0.10181781145076903], 'b_hat': [0.0, 0.0, 0.0], 'sigma_hat': None, 'elapsed_s': 0.0008972169598564506, 'a_bias': [0.012855290113053114, 0.005794206177796218, -0.034568411530621915], 'b_bias': [-0.0895184981971686, 0.07194802332847904, 0.1502503456040897]}, 'ElasticNet': {'a_hat': [-0.18444510081521606, -0.1419812184951327, 0.100272953841881], 'b_hat': [0.0, 0.0, 0.0], 'sigma_hat': None, 'elapsed_s': 0.279962740954943, 'a_bias': [0.014636098697183714, 0.007524864527587799, -0.03611326913950995], 'b_bias': [-0.0895184981971686, 0.07194802332847904, 0.1502503456040897]}, 'ISD-1': {'a_hat': [-0.18814701580676316, -0.14401685662739286, 0.10560584227869697], 'b_hat': [0.0, 0.0, 0.0], 'sigma_hat': None, 'elapsed_s': 0.24736386991571635, 'n_steps': 5, 'stopped_on': 'threshold', 'a_bias': [0.010934183705636619, 0.0054892263953276454, -0.03078038070269397], 'b_bias': [-0.0895184981971686, 0.07194802332847904, 0.1502503456040897]}, 'ISD-3': {'a_hat': [-0.18655236262211716, -0.14326773936679976, 0.09652448342023748], 'b_hat': [0.0, 0.0, 0.0], 'sigma_hat': None, 'elapsed_s': 0.2757151289843023, 'n_steps': 5, 'stopped_on': 'threshold', 'a_bias': [0.012528836890282613, 0.006238343655920742, -0.039861739561153464], 'b_bias': [-0.0895184981971686, 0.07194802332847904, 0.1502503456040897]}, 'MCMC-add': {'a_hat': [-0.18620808687604934, -0.14372037888277492, 0.10182136406634042], 'b_hat': [0.0, 0.0, 0.0], 'sigma_hat': 0.5504356605438958, 'elapsed_s': 0.09325320296920836, 'sd_a': [0.003071051269667497, 0.0030488151970903318, 0.002973916837317978], 'a_bias': [0.012873112636350437, 0.0057857041399455855, -0.034564858915050525], 'b_bias': [-0.0895184981971686, 0.07194802332847904, 0.1502503456040897]}, 'MCMC-comb': {'a_hat': [-0.18752326374647335, -0.14415256725669817, 0.1138753760034415], 'b_hat': [0.060605047526872374, -0.07458570514629378, -0.15113896704122087], 'sigma_hat': 0.5389325895234651, 'elapsed_s': 32.01971729891375, 'sd_a': [0.002791257852139453, 0.002738751768629824, 0.002439686901175548], 'nuts_rhat': 1.0005279502248685, 'nuts_ess': 5100.548647403366, 'nuts_divergences': 0, 'a_bias': [0.011557935765926425, 0.005353515766022332, -0.022510846977949445], 'b_bias': [-0.02891345067029623, -0.0026376818178147493, -0.0008886214371311707]}}","[-0.19908119951239978, -0.1495060830227205, 0.13638622298139094]","[0.011557935765926425, 0.005353515766022332, -0.022510846977949445]","[0.0895184981971686, -0.07194802332847904, -0.1502503456040897]","[-0.02891345067029623, -0.0026376818178147493, -0.0008886214371311707]"
84,987934,32512,"[-0.28130917006543565, -0.0536339362374023, 0.20691217525703073]","[0.005536838971829095, -0.047846430190083215, 0.05119170267352134]","[9.141577499858617e-06, 8.960071444742484e-06, 7.988151609354606e-06]","[1.619732275163745e-05, 1.5326490451181717e-05, 1.3150975228925609e-05]",342.0169863254341,7.983314555213829e-74,True,"{'OLS': {'a_hat': [-0.28286249454495477, -0.05395359694866051, 0.21020848102846798], 'b_hat': [0.0, 0.0, 0.0], 'sigma_hat': None, 'elapsed_s': 0.0008854930056259036, 'a_bias': [0.013590389239210354, 0.0003959538446029476, -0.031833020196272266], 'b_bias': [-0.04348842714636474, 0.05595722860494895, -0.04650802095003063]}, 'ElasticNet': {'a_hat': [-0.28250095398495434, -0.05365457683943995, 0.20988975992248263], 'b_hat': [0.0, 0.0, 0.0], 'sigma_hat': None, 'elapsed_s': 0.21280265098903328, 'a_bias': [0.013951929799210783, 0.0006949739538235078, -0.03215174130225762], 'b_bias': [-0.04348842714636474, 0.05595722860494895, -0.04650802095003063]}, 'ISD-1': {'a_hat': [-0.2905029321934037, -0.054031412831892646, 0.2045477661020725], 'b_hat': [0.0, 0.0, 0.0], 'sigma_hat': None, 'elapsed_s': 0.17166422202717513, 'n_steps': 4, 'stopped_on': 'threshold', 'a_bias': [0.005949951590761449, 0.0003181379613708124, -0.03749373512266774], 'b_bias': [-0.04348842714636474, 0.05595722860494895, -0.04650802095003063]}, 'ISD-3': {'a_hat': [-0.2905901621917783, -0.05383814459766948, 0.2067763081166298], 'b_hat': [0.0, 0.0, 0.0], 'sigma_hat': None, 'elapsed_s': 0.18840251304209232, 'n_steps': 4, 'stopped_on': 'threshold', 'a_bias': [0.0058627215923868214, 0.0005114061955939775, -0.03526519310811044], 'b_bias': [-0.04348842714636474, 0.05595722860494895, -0.04650802095003063]}, 'MCMC-add': {'a_hat': [-0.28286009327937767, -0.05392690678349639, 0.21021150970483968], 'b_hat': [0.0, 0.0, 0.0], 'sigma_hat': 0.5385507778826882, 'elapsed_s': 0.07537418697029352, 'sd_a': [0.0030055551759199796, 0.002991761725691997, 0.0029029060079808935], 'a_bias': [0.013592790504787455, 0.0004226440097670689, -0.03182999151990057], 'b_bias': [-0.04348842714636474, 0.05595722860494895, -0.04650802095003063]}, 'MCMC-comb': {'a_hat': [-0.28130917006543565, -0.0536339362374023, 0.20691217525703073], 'b_hat': [0.005536838971829095, -0.047846430190083215, 0.05119170267352134], 'sigma_hat': 0.5372961488895691, 'elapsed_s': 31.670113847008906, 'sd_a': [0.0030235041755980125, 0.002993337843401991, 0.0028263318293071335], 'nuts_rhat': 1.0000441575790369, 'nuts_ess': 4841.937649584236, 'nuts_divergences': 0, 'a_bias': [0.015143713718729468, 0.000715614555861159, -0.03512932596770951], 'b_bias': [-0.037951588174535644, 0.008110798414865734, 0.004683681723490714]}}","[-0.2964528837841651, -0.05434955079326346, 0.24204150122474025]","[0.015143713718729468, 0.000715614555861159, -0.03512932596770951]","[0.04348842714636474, -0.05595722860494895, 0.04650802095003063]","[-0.037951588174535644, 0.008110798414865734, 0.004683681723490714]"
85,1030802,32512,"[-0.14274423742287617, -0.02428205572711563, 2.256381405673986e-05]","[0.0030144956502729157, 0.07132603124294928, 0.04560892497513883]","[1.3039583362487502e-05, 1.28423806222638e-05, 1.1828161022206112e-05]","[1.5153793337095867e-05, 1.428854786927573e-05, 1.429398266521532e-05]",461.69663550562836,9.525888011646902e-100,True,"{'OLS': {'a_hat': [-0.14288678286955708, -0.025218024996445654, -0.0030929314277483902], 'b_hat': [0.0, 0.0, 0.0], 'sigma_hat': None, 'elapsed_s': 0.0008885270217433572, 'a_bias': [0.013209052429887208, 0.004514311273317889, -0.01304067872932224], 'b_bias': [0.00861006518210485, -0.07908061216900807, -0.03446452262360524]}, 'ElasticNet': {'a_hat': [-0.13065096742768406, -0.01427323350555848, -0.0], 'b_hat': [0.0, 0.0, 0.0], 'sigma_hat': None, 'elapsed_s': 0.10775819793343544, 'a_bias': [0.02544486787176023, 0.015459102764205063, -0.009947747301573849], 'b_bias': [0.00861006518210485, -0.07908061216900807, -0.03446452262360524]}, 'ISD-1': {'a_hat': [-0.1405006410864565, -0.023519998777369062, 0.0], 'b_hat': [0.0, 0.0, 0.0], 'sigma_hat': None, 'elapsed_s': 0.1560026650549844, 'n_steps': 3, 'stopped_on': 'threshold', 'a_bias': [0.0155951942129878, 0.006212337492394481, -0.009947747301573849], 'b_bias': [0.00861006518210485, -0.07908061216900807, -0.03446452262360524]}, 'ISD-3': {'a_hat': [-0.1393290986175656, -0.023895545559034826, 0.0], 'b_hat': [0.0, 0.0, 0.0], 'sigma_hat': None, 'elapsed_s': 0.17065247206483036, 'n_steps': 3, 'stopped_on': 'threshold', 'a_bias': [0.016766736681878697, 0.005836790710728717, -0.009947747301573849], 'b_bias': [0.00861006518210485, -0.07908061216900807, -0.03446452262360524]}, 'MCMC-add': {'a_hat': [-0.1428726858268078, -0.025215348640290527, -0.0030926909553790714], 'b_hat': [0.0, 0.0, 0.0], 'sigma_hat': 0.6495178712955028, 'elapsed_s': 0.07087546796537936, 'sd_a': [0.0036072185578900117, 0.0036154250131204676, 0.0034891269308403245], 'a_bias': [0.013223149472636503, 0.0045169876294730155, -0.01304043825695292], 'b_bias': [0.00861006518210485, -0.07908061216900807, -0.03446452262360524]}, 'MCMC-comb': {'a_hat': [-0.14274423742287617, -0.02428205572711563, 2.256381405673986e-05], 'b_hat': [0.0030144956502729157, 0.07132603124294928, 0.04560892497513883], 'sigma_hat': 0.6474376805989319, 'elapsed_s': 30.669573792954907, 'sd_a': [0.0036110363280487086, 0.0035836267414818468, 0.0034392093600428154], 'nuts_rhat': 1.001049235900434, 'nuts_ess': 5409.528252306254, 'nuts_divergences': 0, 'a_bias': [0.013351597876568116, 0.0054502805426479145, -0.009925183487517109], 'b_bias': [0.011624560832377766, -0.007754580926058782, 0.011144402351533592]}}","[-0.1560958352994443, -0.029732336269763543, 0.009947747301573849]","[0.013351597876568116, 0.0054502805426479145, -0.009925183487517109]","[-0.00861006518210485, 0.07908061216900807, 0.03446452262360524]","[0.011624560832377766, -0.007754580926058782, 0.011144402351533592]"
86,976113,32512,"[0.06630088137849191, -0.06537997598080497, 0.06095297231063874]","[0.14755470814580574, -0.0908728596627485, -0.09380956618010407]","[7.170204275012778e-06, 8.118919481870525e-06, 6.966091003394183e-06]","[9.213947419128899e-06, 1.1346076193013907e-05, 1.107798253211088e-05]",3024.8501724473244,0.0,True,"{'OLS': {'a_hat': [0.06684516759707618, -0.06948588083085017, 0.05877211597848197], 'b_hat': [0.0, 0.0, 0.0], 'sigma_hat': None, 'elapsed_s': 0.0009027410997077823, 'a_bias': [1.2565786276480528e-05, -0.0006486526077742194, -0.031009424862572847], 'b_bias': [-0.16289369476239915, 0.09701495196514126, 0.08876956557145599]}, 'ElasticNet': {'a_hat': [0.06631433739280444, -0.06896197190412866, 0.05828061250383424], 'b_hat': [0.0, 0.0, 0.0], 'sigma_hat': None, 'elapsed_s': 0.09643740009050816, 'a_bias': [-0.0005182644179952539, -0.00012474368105271083, -0.031500928337220575], 'b_bias': [-0.16289369476239915, 0.09701495196514126, 0.08876956557145599]}, 'ISD-1': {'a_hat': [0.06365888796364967, -0.06335622770523731, 0.0], 'b_hat': [0.0, 0.0, 0.0], 'sigma_hat': None, 'elapsed_s': 0.12401500507257879, 'n_steps': 2, 'stopped_on': 'threshold', 'a_bias': [-0.0031737138471500254, 0.005481000517838633, -0.08978154084105482], 'b_bias': [-0.16289369476239915, 0.09701495196514126, 0.08876956557145599]}, 'ISD-3': {'a_hat': [0.06149743783840799, -0.06455530795010692, 0.0], 'b_hat': [0.0, 0.0, 0.0], 'sigma_hat': None, 'elapsed_s': 0.11167398502584547, 'n_steps': 2, 'stopped_on': 'threshold', 'a_bias': [-0.005335163972391706, 0.004281920272969031, -0.08978154084105482], 'b_bias': [-0.16289369476239915, 0.09701495196514126, 0.08876956557145599]}, 'MCMC-add': {'a_hat': [0.06685162730112015, -0.06947848434653711, 0.058781388536526334], 'b_hat': [0.0, 0.0, 0.0], 'sigma_hat': 0.5679655809881305, 'elapsed_s': 0.0857911859638989, 'sd_a': [0.0031727025235591907, 0.003158333635295913, 0.00306229522408862], 'a_bias': [1.902549032045675e-05, -0.0006412561234611647, -0.031000152304528482], 'b_bias': [-0.16289369476239915, 0.09701495196514126, 0.08876956557145599]}, 'MCMC-comb': {'a_hat': [0.06630088137849191, -0.06537997598080497, 0.06095297231063874], 'b_hat': [0.14755470814580574, -0.0908728596627485, -0.09380956618010407], 'sigma_hat': 0.5530296024819439, 'elapsed_s': 32.520492726005614, 'sd_a': [0.0026777237114782356, 0.0028493717696837185, 0.00263933533363879], 'nuts_rhat': 1.0001796714342266, 'nuts_ess': 5327.858830921943, 'nuts_divergences': 0, 'a_bias': [-0.0005317204323077862, 0.003457252242270975, -0.028828568530416078], 'b_bias': [-0.015338986616593414, 0.006142092302392765, -0.005040000608648079]}}","[0.0668326018107997, -0.06883722822307595, 0.08978154084105482]","[-0.0005317204323077862, 0.003457252242270975, -0.028828568530416078]","[0.16289369476239915, -0.09701495196514126, -0.08876956557145599]","[-0.015338986616593414, 0.006142092302392765, -0.005040000608648079]"
87,969919,32512,"[0.1331552515808822, -0.01247912682348073, 0.15063327126729437]","[-0.02759158112179746, 0.13912050633121756, 0.016570317038551163]","[8.649918783375913e-06, 7.617141823663416e-06, 8.21724277695543e-06]","[1.450231442501778e-05, 1.3414935376335104e-05, 1.3385453354882175e-05]",1369.4219508241076,1.2715316488336e-296,True,"{'OLS': {'a_hat': [0.1321024310857398, -0.011828119527854224, 0.14987813836467156], 'b_hat': [0.0, 0.0, 0.0], 'sigma_hat': None, 'elapsed_s': 0.0009123689960688353, 'a_bias': [-0.0014760025462834947, 0.007306279141651807, 0.009495999158015855], 'b_bias': [0.04425357118921839, -0.14550455762707112, -0.013148581680545219]}, 'ElasticNet': {'a_hat': [0.13150771878662487, -0.011304919780131817, 0.14931449108606354], 'b_hat': [0.0, 0.0, 0.0], 'sigma_hat': None, 'elapsed_s': 0.14837784704286605, 'a_bias': [-0.002070714845398419, 0.007829478889374214, 0.00893235187940783], 'b_bias': [0.04425357118921839, -0.14550455762707112, -0.013148581680545219]}, 'ISD-1': {'a_hat': [0.1302782784117393, -0.013033375378005968, 0.140381874157597], 'b_hat': [0.0, 0.0, 0.0], 'sigma_hat': None, 'elapsed_s': 0.21055163105484098, 'n_steps': 4, 'stopped_on': 'threshold', 'a_bias': [-0.0033001552202839846, 0.0061010232915000625, -2.6504905870083917e-07], 'b_bias': [0.04425357118921839, -0.14550455762707112, -0.013148581680545219]}, 'ISD-3': {'a_hat': [0.12856587806589284, -0.011660120582902474, 0.1422408485427413], 'b_hat': [0.0, 0.0, 0.0], 'sigma_hat': None, 'elapsed_s': 0.21636257402133197, 'n_steps': 4, 'stopped_on': 'threshold', 'a_bias': [-0.00501255556613045, 0.007474278086603557, 0.00185870933608559], 'b_bias': [0.04425357118921839, -0.14550455762707112, -0.013148581680545219]}, 'MCMC-add': {'a_hat': [0.1321098297861664, -0.011824723130980168, 0.14988812095198759], 'b_hat': [0.0, 0.0, 0.0], 'sigma_hat': 0.5525429283993154, 'elapsed_s': 0.09961703605949879, 'sd_a': [0.0030704624343473714, 0.003065536532821264, 0.00297877676108166], 'a_bias': [-0.0014686038458568973, 0.007309675538525863, 0.009505981745331876], 'b_bias': [0.04425357118921839, -0.14550455762707112, -0.013148581680545219]}, 'MCMC-comb': {'a_hat': [0.1331552515808822, -0.01247912682348073, 0.15063327126729437], 'b_hat': [-0.02759158112179746, 0.13912050633121756, 0.016570317038551163], 'sigma_hat': 0.5468525115946961, 'elapsed_s': 31.22385912993923, 'sd_a': [0.0029410744266978204, 0.00275991699579234, 0.0028665733510509425], 'nuts_rhat': 0.9999731177493509, 'nuts_ess': 4620.222326231349, 'nuts_divergences': 0, 'a_bias': [-0.00042318205114108554, 0.006655271846025301, 0.010251132060638657], 'b_bias': [0.016661990067420928, -0.0063840512958535656, 0.0034217353580059447]}}","[0.1335784336320233, -0.01913439866950603, 0.1403821392066557]","[-0.00042318205114108554, 0.006655271846025301, 0.010251132060638657]","[-0.04425357118921839, 0.14550455762707112, 0.013148581680545219]","[0.016661990067420928, -0.0063840512958535656, 0.0034217353580059447]"
88,992412,32512,"[0.02142247274785179, 0.15547567026854164, 0.009290240100227491]","[-0.08998479556686012, -0.029741415615711503, 0.06664312737973764]","[9.705713184565879e-06, 9.888819265620362e-06, 8.971509701046873e-06]","[1.5368097679006362e-05, 1.5160610721892133e-05, 1.5065890778068357e-05]",855.4408401819965,4.0918867614763784e-185,True,"{'OLS': {'a_hat': [0.02260676950437084, 0.154668883572269, 0.0045049574903007], 'b_hat': [0.0, 0.0, 0.0], 'sigma_hat': None, 'elapsed_s': 0.0008966389577835798, 'a_bias': [-0.0032161128278986838, -0.0018029185947214532, 0.04068200523471782], 'b_bias': [0.09411220959249583, 0.04485642080283544, -0.04523339506431387]}, 'ElasticNet': {'a_hat': [0.009009308755580937, 0.13935622059968572, 0.0], 'b_hat': [0.0, 0.0, 0.0], 'sigma_hat': None, 'elapsed_s': 0.14352897903881967, 'a_bias': [-0.016813573576688584, -0.017115581567304722, 0.03617704774441712], 'b_bias': [0.09411220959249583, 0.04485642080283544, -0.04523339506431387]}, 'ISD-1': {'a_hat': [0.019536840800016202, 0.1515375486104542, 0.0], 'b_hat': [0.0, 0.0, 0.0], 'sigma_hat': None, 'elapsed_s': 0.20983224804513156, 'n_steps': 3, 'stopped_on': 'threshold', 'a_bias': [-0.0062860415322533204, -0.004934253556536233, 0.03617704774441712], 'b_bias': [0.09411220959249583, 0.04485642080283544, -0.04523339506431387]}, 'ISD-3': {'a_hat': [0.02148363675738492, 0.15084826601975268, 0.0], 'b_hat': [0.0, 0.0, 0.0], 'sigma_hat': None, 'elapsed_s': 0.14996364701073617, 'n_steps': 3, 'stopped_on': 'threshold', 'a_bias': [-0.004339245574884604, -0.005623536147237762, 0.03617704774441712], 'b_bias': [0.09411220959249583, 0.04485642080283544, -0.04523339506431387]}, 'MCMC-add': {'a_hat': [0.022599741666012536, 0.15466948703085895, 0.004507289605259697], 'b_hat': [0.0, 0.0, 0.0], 'sigma_hat': 0.5714153907034658, 'elapsed_s': 0.0923312030499801, 'sd_a': [0.0031737748251679638, 0.003179279696052888, 0.0030774749882453473], 'a_bias': [-0.0032231406662569864, -0.0018023151361314937, 0.040684337349676816], 'b_bias': [0.09411220959249583, 0.04485642080283544, -0.04523339506431387]}, 'MCMC-comb': {'a_hat': [0.02142247274785179, 0.15547567026854164, 0.009290240100227491], 'b_hat': [-0.08998479556686012, -0.029741415615711503, 0.06664312737973764], 'sigma_hat': 0.5684926299675408, 'elapsed_s': 31.36733322602231, 'sd_a': [0.003115399361970449, 0.0031446493072551608, 0.0029952478530243325], 'nuts_rhat': 1.000138737157239, 'nuts_ess': 5145.97473145572, 'nuts_divergences': 0, 'a_bias': [-0.004400409584417734, -0.0009961318984487988, 0.04546728784464461], 'b_bias': [0.004127414025635712, 0.015115005187123935, 0.02140973231542377]}}","[0.025822882332269523, 0.15647180216699044, -0.03617704774441712]","[-0.004400409584417734, -0.0009961318984487988, 0.04546728784464461]","[-0.09411220959249583, -0.04485642080283544, 0.04523339506431387]","[0.004127414025635712, 0.015115005187123935, 0.02140973231542377]"
89,942983,32512,"[-0.16287452672704383, 0.07124615226119214, -0.0439211928270916]","[0.08173521683529134, -0.18118918056352043, -0.0641821366514653]","[6.384744621172852e-06, 5.1809981200667275e-06, 6.17329027431842e-06]","[1.0640831731060355e-05, 8.54922515740724e-06, 1.1091402322533542e-05]",3229.8028183410497,0.0,True,"{'OLS': {'a_hat': [-0.1587998742377957, 0.06945298217612099, -0.04232377811602416], 'b_hat': [0.0, 0.0, 0.0], 'sigma_hat': None, 'elapsed_s': 0.0008874519262462854, 'a_bias': [-0.002223967019744255, 0.005705891911008842, 0.011553353645750164], 'b_bias': [-0.11478126607335636, 0.23942603049004718, 0.07865657751041688]}, 'ElasticNet': {'a_hat': [-0.1577384838257438, 0.06848704610807746, -0.04143070105071663], 'b_hat': [0.0, 0.0, 0.0], 'sigma_hat': None, 'elapsed_s': 0.629459107061848, 'a_bias': [-0.0011625766076923394, 0.004739955842965313, 0.012446430711057693], 'b_bias': [-0.11478126607335636, 0.23942603049004718, 0.07865657751041688]}, 'ISD-1': {'a_hat': [-0.1572802361841488, 0.07001342555895831, 0.0], 'b_hat': [0.0, 0.0, 0.0], 'sigma_hat': None, 'elapsed_s': 0.16729907202534378, 'n_steps': 4, 'stopped_on': 'threshold', 'a_bias': [-0.0007043289660973451, 0.0062663352938461675, 0.053877131761774326], 'b_bias': [-0.11478126607335636, 0.23942603049004718, 0.07865657751041688]}, 'ISD-3': {'a_hat': [-0.1541621367494731, 0.06422315027133876, 0.0], 'b_hat': [0.0, 0.0, 0.0], 'sigma_hat': None, 'elapsed_s': 0.17661362898070365, 'n_steps': 3, 'stopped_on': 'threshold', 'a_bias': [0.0024137704685783523, 0.0004760600062266168, 0.053877131761774326], 'b_bias': [-0.11478126607335636, 0.23942603049004718, 0.07865657751041688]}, 'MCMC-add': {'a_hat': [-0.15880335395983688, 0.0694489176758683, -0.04231599513384556], 'b_hat': [0.0, 0.0, 0.0], 'sigma_hat': 0.5200781306668345, 'elapsed_s': 0.07851470296736807, 'sd_a': [0.0028892036570463994, 0.0028905469867540937, 0.002810204453412623], 'a_bias': [-0.0022274467417854327, 0.005701827410756158, 0.011561136627928764], 'b_bias': [-0.11478126607335636, 0.23942603049004718, 0.07865657751041688]}, 'MCMC-comb': {'a_hat': [-0.16287452672704383, 0.07124615226119214, -0.0439211928270916], 'b_hat': [0.08173521683529134, -0.18118918056352043, -0.0641821366514653], 'sigma_hat': 0.5063601252791678, 'elapsed_s': 32.43305721599609, 'sd_a': [0.0025268052202678487, 0.0022761805991763323, 0.0024846106886831226], 'nuts_rhat': 1.0003208160302053, 'nuts_ess': 4754.687977190515, 'nuts_divergences': 0, 'a_bias': [-0.006298619508992381, 0.007499061996079998, 0.009955938934682725], 'b_bias': [-0.03304604923806502, 0.05823684992652675, 0.014474440858951582]}}","[-0.15657590721805145, 0.06374709026511215, -0.053877131761774326]","[-0.006298619508992381, 0.007499061996079998, 0.009955938934682725]","[0.11478126607335636, -0.23942603049004718, -0.07865657751041688]","[-0.03304604923806502, 0.05823684992652675, 0.014474440858951582]"
90,937605,32512,"[-0.16909546167728717, -0.08350152344233897, 0.06365897740834009]","[-0.0253522502350418, -0.031017497235573725, 0.04512936758656352]","[9.176208694466803e-06, 9.032459080983175e-06, 7.727668551669943e-06]","[1.4933070935205068e-05, 1.565039479620602e-05, 1.4751270500156779e-05]",250.3888250425589,5.391743417715795e-54,True,"{'OLS': {'a_hat': [-0.16997422007709823, -0.0837828397040858, 0.06295274893972475], 'b_hat': [0.0, 0.0, 0.0], 'sigma_hat': None, 'elapsed_s': 0.0008874000050127506, 'a_bias': [-0.0013274049536880217, -0.0011598930676905428, 0.03818615882883043], 'b_bias': [0.01792266254497549, 0.025337756894801496, 0.01591848713800608]}, 'ElasticNet': {'a_hat': [-0.169412248360707, -0.08325838865603509, 0.06247622113894719], 'b_hat': [0.0, 0.0, 0.0], 'sigma_hat': None, 'elapsed_s': 0.09982354496605694, 'a_bias': [-0.0007654332372968031, -0.0006354420196398314, 0.03770963102805288], 'b_bias': [0.01792266254497549, 0.025337756894801496, 0.01591848713800608]}, 'ISD-1': {'a_hat': [-0.16777428209896886, -0.08311951447459605, 0.06204178345487346], 'b_hat': [0.0, 0.0, 0.0], 'sigma_hat': None, 'elapsed_s': 0.22163052193354815, 'n_steps': 5, 'stopped_on': 'threshold', 'a_bias': [0.0008725330244413465, -0.0004965678382007899, 0.03727519334397915], 'b_bias': [0.01792266254497549, 0.025337756894801496, 0.01591848713800608]}, 'ISD-3': {'a_hat': [-0.1661816298914424, -0.07812510978291838, 0.0], 'b_hat': [0.0, 0.0, 0.0], 'sigma_hat': None, 'elapsed_s': 0.16660133004188538, 'n_steps': 3, 'stopped_on': 'threshold', 'a_bias': [0.0024651852319678147, 0.0044978368534768776, -0.024766590110894313], 'b_bias': [0.01792266254497549, 0.025337756894801496, 0.01591848713800608]}, 'MCMC-add': {'a_hat': [-0.1699698605786987, -0.08380544617972638, 0.06295576906661406], 'b_hat': [0.0, 0.0, 0.0], 'sigma_hat': 0.5344329300972306, 'elapsed_s': 0.08071137999650091, 'sd_a': [0.0029720067907131513, 0.002971192926285027, 0.0028802370237616427], 'a_bias': [-0.0013230454552884963, -0.0011824995433311197, 0.038189178955719744], 'b_bias': [0.01792266254497549, 0.025337756894801496, 0.01591848713800608]}, 'MCMC-comb': {'a_hat': [-0.16909546167728717, -0.08350152344233897, 0.06365897740834009], 'b_hat': [-0.0253522502350418, -0.031017497235573725, 0.04512936758656352], 'sigma_hat': 0.5336061061584345, 'elapsed_s': 31.147090876009315, 'sd_a': [0.0030292257582535515, 0.00300540497786624, 0.002779868441432066], 'nuts_rhat': 1.0004316990539162, 'nuts_ess': 5034.772326601507, 'nuts_divergences': 0, 'a_bias': [-0.00044864655387696906, -0.0008785768059437066, 0.03889238729744578], 'b_bias': [-0.0074295876900663076, -0.005679740340772229, 0.0610478547245696]}}","[-0.1686468151234102, -0.08262294663639526, 0.024766590110894313]","[-0.00044864655387696906, -0.0008785768059437066, 0.03889238729744578]","[-0.01792266254497549, -0.025337756894801496, -0.01591848713800608]","[-0.0074295876900663076, -0.005679740340772229, 0.0610478547245696]"
91,953895,32512,"[0.02165315692564531, -0.10192705974182378, 0.10357585703639308]","[0.08076667086820055, 0.03648474353204709, 0.09753044404646395]","[9.65653717907285e-06, 9.3431872815501e-06, 8.875155559385977e-06]","[1.3884280888997762e-05, 1.4795880236820143e-05, 1.6803241352590598e-05]",1066.0804914291512,8.313894643107567e-231,True,"{'OLS': {'a_hat': [0.023388537653386197, -0.1013862583326654, 0.10316954476390894], 'b_hat': [0.0, 0.0, 0.0], 'sigma_hat': None, 'elapsed_s': 0.0009066700004041195, 'a_bias': [0.003049713591391851, -0.0005326541383546268, 0.03248458067400385], 'b_bias': [-0.0662665970385484, -0.038503793765610105, -0.05565334427512632]}, 'ElasticNet': {'a_hat': [0.022460794225178854, -0.10040465559716082, 0.10223854686522746], 'b_hat': [0.0, 0.0, 0.0], 'sigma_hat': None, 'elapsed_s': 0.18773052701726556, 'a_bias': [0.0021219701631845084, 0.00044894859714995905, 0.03155358277532237], 'b_bias': [-0.0662665970385484, -0.038503793765610105, -0.05565334427512632]}, 'ISD-1': {'a_hat': [0.019784204126719877, -0.10043864691610026, 0.09690708454390023], 'b_hat': [0.0, 0.0, 0.0], 'sigma_hat': None, 'elapsed_s': 0.2133194520138204, 'n_steps': 4, 'stopped_on': 'threshold', 'a_bias': [-0.0005546199352744682, 0.00041495727821051764, 0.02622212045399515], 'b_bias': [-0.0662665970385484, -0.038503793765610105, -0.05565334427512632]}, 'ISD-3': {'a_hat': [0.01845795710407374, -0.09949467656805504, 0.09569208750478801], 'b_hat': [0.0, 0.0, 0.0], 'sigma_hat': None, 'elapsed_s': 0.2234834060072899, 'n_steps': 4, 'stopped_on': 'threshold', 'a_bias': [-0.0018808669579206058, 0.0013589276262557376, 0.025007123414882926], 'b_bias': [-0.0662665970385484, -0.038503793765610105, -0.05565334427512632]}, 'MCMC-add': {'a_hat': [0.023379689035594845, -0.1013863991423216, 0.1031742026596838], 'b_hat': [0.0, 0.0, 0.0], 'sigma_hat': 0.5800841869321384, 'elapsed_s': 0.0892674190690741, 'sd_a': [0.003224942954632983, 0.0032235609532605567, 0.0031322243241261793], 'a_bias': [0.0030408649736004996, -0.0005327949480108257, 0.032489238569778714], 'b_bias': [-0.0662665970385484, -0.038503793765610105, -0.05565334427512632]}, 'MCMC-comb': {'a_hat': [0.02165315692564531, -0.10192705974182378, 0.10357585703639308], 'b_hat': [0.08076667086820055, 0.03648474353204709, 0.09753044404646395], 'sigma_hat': 0.5758436037859077, 'elapsed_s': 31.682901868014596, 'sd_a': [0.003107496931466361, 0.003056662768698912, 0.002979119930346205], 'nuts_rhat': 1.0002019165953546, 'nuts_ess': 5125.170186535639, 'nuts_divergences': 0, 'a_bias': [0.0013143328636509646, -0.001073455547513008, 0.03289089294648799], 'b_bias': [0.014500073829652155, -0.0020190502335630175, 0.041877099771337634]}}","[0.020338824061994346, -0.10085360419431078, 0.07068496408990509]","[0.0013143328636509646, -0.001073455547513008, 0.03289089294648799]","[0.0662665970385484, 0.038503793765610105, 0.05565334427512632]","[0.014500073829652155, -0.0020190502335630175, 0.041877099771337634]"
92,949267,32512,"[0.027577422658274748, 0.2120998275849699, -0.02187305479550442]","[-0.03712598210700807, -0.045947584680244465, -0.08517706419106438]","[8.575869752782746e-06, 8.658418732471659e-06, 7.757044855545512e-06]","[1.4907837819660135e-05, 1.3999260501654706e-05, 1.3707580112792673e-05]",703.1980579221054,4.251841431488082e-152,True,"{'OLS': {'a_hat': [0.027195806309365658, 0.2108006660529139, -0.022535810895135764], 'b_hat': [0.0, 0.0, 0.0], 'sigma_hat': None, 'elapsed_s': 0.000877198064699769, 'a_bias': [-0.002445993771500291, 0.007293335779807147, -0.013826393789884773], 'b_bias': [0.030708321833457675, 0.0753527580357378, 0.10322626705778369]}, 'ElasticNet': {'a_hat': [0.026982419693684374, 0.21054656049757675, -0.022337078540089695], 'b_hat': [0.0, 0.0, 0.0], 'sigma_hat': None, 'elapsed_s': 0.22707334300503135, 'a_bias': [-0.0026593803871815744, 0.007039230224470006, -0.013627661434838704], 'b_bias': [0.030708321833457675, 0.0753527580357378, 0.10322626705778369]}, 'ISD-1': {'a_hat': [0.026543585274952448, 0.20873608555196188, 0.0], 'b_hat': [0.0, 0.0, 0.0], 'sigma_hat': None, 'elapsed_s': 0.1330775209935382, 'n_steps': 3, 'stopped_on': 'threshold', 'a_bias': [-0.003098214805913501, 0.005228755278855135, 0.00870941710525099], 'b_bias': [0.030708321833457675, 0.0753527580357378, 0.10322626705778369]}, 'ISD-3': {'a_hat': [0.026210088854468988, 0.20632545087741774, 0.0], 'b_hat': [0.0, 0.0, 0.0], 'sigma_hat': None, 'elapsed_s': 0.20426990103442222, 'n_steps': 3, 'stopped_on': 'threshold', 'a_bias': [-0.0034317112263969607, 0.0028181206043109974, 0.00870941710525099], 'b_bias': [0.030708321833457675, 0.0753527580357378, 0.10322626705778369]}, 'MCMC-add': {'a_hat': [0.027188417660910198, 0.21080240912861856, -0.022544627030903035], 'b_hat': [0.0, 0.0, 0.0], 'sigma_hat': 0.5394588756102496, 'elapsed_s': 0.07357863907236606, 'sd_a': [0.002996284663999002, 0.002995966704701225, 0.0029033588031930303], 'a_bias': [-0.002453382419955751, 0.007295078855511811, -0.013835209925652044], 'b_bias': [0.030708321833457675, 0.0753527580357378, 0.10322626705778369]}, 'MCMC-comb': {'a_hat': [0.027577422658274748, 0.2120998275849699, -0.02187305479550442], 'b_hat': [-0.03712598210700807, -0.045947584680244465, -0.08517706419106438], 'sigma_hat': 0.536613455983669, 'elapsed_s': 32.63097435096279, 'sd_a': [0.0029284585967335693, 0.002942519113357067, 0.0027851471874113785], 'nuts_rhat': 0.9999742241255988, 'nuts_ess': 4872.786564473378, 'nuts_divergences': 0, 'a_bias': [-0.002064377422591201, 0.008592497311863151, -0.013163637690253428], 'b_bias': [-0.006417660273550396, 0.02940517335549333, 0.018049202866719308]}}","[0.02964180008086595, 0.20350733027310675, -0.00870941710525099]","[-0.002064377422591201, 0.008592497311863151, -0.013163637690253428]","[-0.030708321833457675, -0.0753527580357378, -0.10322626705778369]","[-0.006417660273550396, 0.02940517335549333, 0.018049202866719308]"
93,1024979,32512,"[-0.12064442282166482, -0.0808353673218454, 0.01789568325409427]","[0.01564703637920746, 0.003295751652655486, -0.017129622326780544]","[1.0036483764842472e-05, 1.0864660255491708e-05, 9.89786289257885e-06]","[1.537837533041568e-05, 1.5484972353920684e-05, 1.768708629491635e-05]",32.44770811469789,4.2112989594346405e-07,True,"{'OLS': {'a_hat': [-0.12058049792820312, -0.08072943403337506, 0.02000369013802694], 'b_hat': [0.0, 0.0, 0.0], 'sigma_hat': None, 'elapsed_s': 0.0009023289894685149, 'a_bias': [0.0038666808319044177, 0.008150297289716793, 0.027071728303234073], 'b_bias': [-0.03342951284977145, -0.005114205855216179, 0.0765535277429713]}, 'ElasticNet': {'a_hat': [-0.12017198047679216, -0.08033236907625148, 0.01965663193240232], 'b_hat': [0.0, 0.0, 0.0], 'sigma_hat': None, 'elapsed_s': 0.1779241559561342, 'a_bias': [0.004275198283315379, 0.00854736224684037, 0.02672467009760945], 'b_bias': [-0.03342951284977145, -0.005114205855216179, 0.0765535277429713]}, 'ISD-1': {'a_hat': [-0.11873170247278163, -0.07548346401348088, 0.0], 'b_hat': [0.0, 0.0, 0.0], 'sigma_hat': None, 'elapsed_s': 0.17385476897470653, 'n_steps': 3, 'stopped_on': 'threshold', 'a_bias': [0.00571547628732591, 0.013396267309610965, 0.007068038165207131], 'b_bias': [-0.03342951284977145, -0.005114205855216179, 0.0765535277429713]}, 'ISD-3': {'a_hat': [-0.11169113459735121, -0.07541509285251001, 0.0], 'b_hat': [0.0, 0.0, 0.0], 'sigma_hat': None, 'elapsed_s': 0.11057803500443697, 'n_steps': 2, 'stopped_on': 'threshold', 'a_bias': [0.01275604416275633, 0.013464638470581838, 0.007068038165207131], 'b_bias': [-0.03342951284977145, -0.005114205855216179, 0.0765535277429713]}, 'MCMC-add': {'a_hat': [-0.12058431055219829, -0.08073959748948116, 0.01999869422992593], 'b_hat': [0.0, 0.0, 0.0], 'sigma_hat': 0.5815259297930166, 'elapsed_s': 0.05782749899663031, 'sd_a': [0.0032216429278479177, 0.0032474857266122153, 0.0031331146396046694], 'a_bias': [0.003862868207909251, 0.008140133833610688, 0.02706673239513306], 'b_bias': [-0.03342951284977145, -0.005114205855216179, 0.0765535277429713]}, 'MCMC-comb': {'a_hat': [-0.12064442282166482, -0.0808353673218454, 0.01789568325409427], 'b_hat': [0.01564703637920746, 0.003295751652655486, -0.017129622326780544], 'sigma_hat': 0.5813452996090704, 'elapsed_s': 31.114308429998346, 'sd_a': [0.0031680409979737436, 0.0032961584087376184, 0.0031460869175181493], 'nuts_rhat': 1.0002704356360026, 'nuts_ess': 5032.5578623999045, 'nuts_divergences': 0, 'a_bias': [0.0038027559384427173, 0.008044364001246446, 0.0249637214193014], 'b_bias': [-0.01778247647056399, -0.0018184542025606932, 0.05942390541619076]}}","[-0.12444717876010754, -0.08887973132309185, -0.007068038165207131]","[0.0038027559384427173, 0.008044364001246446, 0.0249637214193014]","[0.03342951284977145, 0.005114205855216179, -0.0765535277429713]","[-0.01778247647056399, -0.0018184542025606932, 0.05942390541619076]"
94,986489,32512,"[0.09029400256778565, 0.07125706477273322, -0.08110115559717716]","[-0.04338712476247906, 0.04668379817738823, -0.03936976771664133]","[1.0263778189216494e-05, 1.085659983633829e-05, 9.254680013312095e-06]","[1.618956389631533e-05, 1.469965299778553e-05, 1.3994994485522447e-05]",387.3783602251424,1.1994507357686106e-83,True,"{'OLS': {'a_hat': [0.09033588725244132, 0.07142538987124214, -0.08147272993911633], 'b_hat': [0.0, 0.0, 0.0], 'sigma_hat': None, 'elapsed_s': 0.0008994329255074263, 'a_bias': [0.00031743085044498576, -0.002515877358852614, -0.06550789919691463], 'b_bias': [0.0652916144664712, -0.05484279208297996, -0.018797358748610448]}, 'ElasticNet': {'a_hat': [0.08873435058478608, 0.06983794231832419, -0.07998627093146178], 'b_hat': [0.0, 0.0, 0.0], 'sigma_hat': None, 'elapsed_s': 0.7613323910627514, 'a_bias': [-0.0012841058172102515, -0.004103324911770567, -0.06402144018926008], 'b_bias': [0.0652916144664712, -0.05484279208297996, -0.018797358748610448]}, 'ISD-1': {'a_hat': [0.08622782648581602, 0.06616567353922191, -0.07740056540465691], 'b_hat': [0.0, 0.0, 0.0], 'sigma_hat': None, 'elapsed_s': 0.1408784119412303, 'n_steps': 3, 'stopped_on': 'threshold', 'a_bias': [-0.003790629916180316, -0.007775593690872842, -0.06143573466245521], 'b_bias': [0.0652916144664712, -0.05484279208297996, -0.018797358748610448]}, 'ISD-3': {'a_hat': [0.08571310712026312, 0.06667486531624553, -0.07550002337994638], 'b_hat': [0.0, 0.0, 0.0], 'sigma_hat': None, 'elapsed_s': 0.15091687196400017, 'n_steps': 3, 'stopped_on': 'threshold', 'a_bias': [-0.00430534928173322, -0.007266401913849224, -0.05953519263774468], 'b_bias': [0.0652916144664712, -0.05484279208297996, -0.018797358748610448]}, 'MCMC-add': {'a_hat': [0.09032953123514569, 0.07142299297673624, -0.08148731199157828], 'b_hat': [0.0, 0.0, 0.0], 'sigma_hat': 0.5933780756427555, 'elapsed_s': 0.10356673796195537, 'sd_a': [0.0033054733279494044, 0.0033002257494177335, 0.003202088037821026], 'a_bias': [0.0003110748331493496, -0.0025182742533585156, -0.06552248124937658], 'b_bias': [0.0652916144664712, -0.05484279208297996, -0.018797358748610448]}, 'MCMC-comb': {'a_hat': [0.09029400256778565, 0.07125706477273322, -0.08110115559717716], 'b_hat': [-0.04338712476247906, 0.04668379817738823, -0.03936976771664133], 'sigma_hat': 0.5916461563251352, 'elapsed_s': 31.173150797956623, 'sd_a': [0.0032037131877270934, 0.0032949354828794887, 0.00304215055730516], 'nuts_rhat': 1.0001018033576747, 'nuts_ess': 5776.428115046685, 'nuts_divergences': 0, 'a_bias': [0.00027554616578931435, -0.002684202457361534, -0.06513632485497546], 'b_bias': [0.02190448970399215, -0.00815899390559173, -0.05816712646525178]}}","[0.09001845640199634, 0.07394126723009475, -0.0159648307422017]","[0.00027554616578931435, -0.002684202457361534, -0.06513632485497546]","[-0.0652916144664712, 0.05484279208297996, 0.018797358748610448]","[0.02190448970399215, -0.00815899390559173, -0.05816712646525178]"
95,944733,32512,"[-0.14850436897164615, -0.0037191240702475832, 0.0937365652462997]","[-0.09185607258180191, 0.01749503819496688, -0.07246554418551851]","[7.843307840070652e-06, 7.912319794581647e-06, 7.278620227585315e-06]","[1.4672371006599755e-05, 1.5424139806413466e-05, 1.4920190473806588e-05]",907.9227318928097,1.692488901218332e-196,True,"{'OLS': {'a_hat': [-0.14726239061698923, -0.004980786668488692, 0.09715368078910165], 'b_hat': [0.0, 0.0, 0.0], 'sigma_hat': None, 'elapsed_s': 0.0009039579890668392, 'a_bias': [-0.002449664675484464, 0.0018172389299517975, 0.07095009958166354], 'b_bias': [0.08996947864877539, -0.018984339283744302, 0.14548224852577893]}, 'ElasticNet': {'a_hat': [-0.1469687491426888, -0.00472166089938306, 0.09689117569235027], 'b_hat': [0.0, 0.0, 0.0], 'sigma_hat': None, 'elapsed_s': 0.35970879602245986, 'a_bias': [-0.002156023201184021, 0.00207636469905743, 0.07068759448491216], 'b_bias': [0.08996947864877539, -0.018984339283744302, 0.14548224852577893]}, 'ISD-1': {'a_hat': [-0.14483151446259931, -0.004676456643604301, 0.08836105435002642], 'b_hat': [0.0, 0.0, 0.0], 'sigma_hat': None, 'elapsed_s': 0.22001711605116725, 'n_steps': 4, 'stopped_on': 'threshold', 'a_bias': [-1.8788521094548205e-05, 0.002121568954836189, 0.062157473142588314], 'b_bias': [0.08996947864877539, -0.018984339283744302, 0.14548224852577893]}, 'ISD-3': {'a_hat': [-0.13759468339225445, 0.0, 0.09075922950339414], 'b_hat': [0.0, 0.0, 0.0], 'sigma_hat': None, 'elapsed_s': 0.13470774400047958, 'n_steps': 2, 'stopped_on': 'threshold', 'a_bias': [0.00721804254925032, 0.00679802559844049, 0.06455564829595603], 'b_bias': [0.08996947864877539, -0.018984339283744302, 0.14548224852577893]}, 'MCMC-add': {'a_hat': [-0.14725872642912033, -0.004985889073265601, 0.09715455065822354], 'b_hat': [0.0, 0.0, 0.0], 'sigma_hat': 0.5241736600730622, 'elapsed_s': 0.07306612096726894, 'sd_a': [0.002918960534713035, 0.0029224290793798463, 0.0028301267421503274], 'a_bias': [-0.0024460004876155628, 0.0018121365251748886, 0.07095096945078544], 'b_bias': [0.08996947864877539, -0.018984339283744302, 0.14548224852577893]}, 'MCMC-comb': {'a_hat': [-0.14850436897164615, -0.0037191240702475832, 0.0937365652462997], 'b_hat': [-0.09185607258180191, 0.01749503819496688, -0.07246554418551851], 'sigma_hat': 0.5208359336453903, 'elapsed_s': 31.70450943603646, 'sd_a': [0.002800590623434752, 0.002812884603850938, 0.0026978918116902528], 'nuts_rhat': 1.000106648370074, 'nuts_ess': 5177.878176992058, 'nuts_divergences': 0, 'a_bias': [-0.003691643030141384, 0.0030789015281929067, 0.0675329840388616], 'b_bias': [-0.001886593933026523, -0.0014893010887774213, 0.07301670434026042]}}","[-0.14481272594150477, -0.00679802559844049, 0.026203581207438105]","[-0.003691643030141384, 0.0030789015281929067, 0.0675329840388616]","[-0.08996947864877539, 0.018984339283744302, -0.14548224852577893]","[-0.001886593933026523, -0.0014893010887774213, 0.07301670434026042]"
96,942750,32512,"[0.13782432954300652, 0.13501299396815558, 0.00025681267298584325]","[0.046540278544084115, -0.17611508487887137, -0.07827264563553167]","[7.847222781851841e-06, 5.93280002590127e-06, 6.0764942422531394e-06]","[1.353590725270422e-05, 9.92129343752146e-06, 1.145616241468504e-05]",2729.1027706691675,0.0,True,"{'OLS': {'a_hat': [0.13955315860507253, 0.13546756871825028, 0.006795144819057509], 'b_hat': [0.0, 0.0, 0.0], 'sigma_hat': None, 'elapsed_s': 0.0008771329885348678, 'a_bias': [0.00593454860385545, 0.010672570212307095, 0.03204687824935398], 'b_bias': [-0.03634543378390732, 0.2409921965799875, 0.11563476602653329]}, 'ElasticNet': {'a_hat': [0.12836278631518233, 0.1243816412742139, 0.0], 'b_hat': [0.0, 0.0, 0.0], 'sigma_hat': None, 'elapsed_s': 0.12379623798187822, 'a_bias': [-0.00525582368603475, -0.00041335723172927774, 0.025251733430296477], 'b_bias': [-0.03634543378390732, 0.2409921965799875, 0.11563476602653329]}, 'ISD-1': {'a_hat': [0.13952207356690105, 0.13908786060729997, 0.0], 'b_hat': [0.0, 0.0, 0.0], 'sigma_hat': None, 'elapsed_s': 0.21337582904379815, 'n_steps': 4, 'stopped_on': 'threshold', 'a_bias': [0.00590346356568397, 0.014292862101356787, 0.025251733430296477], 'b_bias': [-0.03634543378390732, 0.2409921965799875, 0.11563476602653329]}, 'ISD-3': {'a_hat': [0.132374739417724, 0.13431128868412012, 0.0], 'b_hat': [0.0, 0.0, 0.0], 'sigma_hat': None, 'elapsed_s': 0.18159261404071003, 'n_steps': 3, 'stopped_on': 'threshold', 'a_bias': [-0.0012438705834930674, 0.009516290178176942, 0.025251733430296477], 'b_bias': [-0.03634543378390732, 0.2409921965799875, 0.11563476602653329]}, 'MCMC-add': {'a_hat': [0.1395510928078555, 0.1354824013091408, 0.006794251432965343], 'b_hat': [0.0, 0.0, 0.0], 'sigma_hat': 0.5427722378499473, 'elapsed_s': 0.06474825099576265, 'sd_a': [0.0030198692480706848, 0.0030198603067084656, 0.002913903868590382], 'a_bias': [0.005932482806638412, 0.010687402803197618, 0.03204598486326182], 'b_bias': [-0.03634543378390732, 0.2409921965799875, 0.11563476602653329]}, 'MCMC-comb': {'a_hat': [0.13782432954300652, 0.13501299396815558, 0.00025681267298584325], 'b_hat': [0.046540278544084115, -0.17611508487887137, -0.07827264563553167], 'sigma_hat': 0.5312993993535672, 'elapsed_s': 32.56279507803265, 'sd_a': [0.002801289485549796, 0.002435733980939066, 0.002465054612428118], 'nuts_rhat': 1.0000692866216043, 'nuts_ess': 5486.399798378777, 'nuts_divergences': 0, 'a_bias': [0.004205719541789443, 0.0102179954622124, 0.02550854610328232], 'b_bias': [0.010194844760176798, 0.06487711170111612, 0.03736212039100162]}}","[0.13361861000121708, 0.12479499850594318, -0.025251733430296477]","[0.004205719541789443, 0.0102179954622124, 0.02550854610328232]","[0.03634543378390732, -0.2409921965799875, -0.11563476602653329]","[0.010194844760176798, 0.06487711170111612, 0.03736212039100162]"
97,946582,32512,"[-0.03955747228916593, -0.10576142292881213, 0.12079474255127395]","[0.1654497275633546, -0.111024987005756, -0.02049805927445734]","[6.113962849981698e-06, 7.271022417501727e-06, 7.9387683419765e-06]","[9.090165368511498e-06, 1.1340374257695691e-05, 1.1694081002463704e-05]",2955.49834400315,0.0,True,"{'OLS': {'a_hat': [-0.037611331023019015, -0.10560509568730218, 0.12309917244490863], 'b_hat': [0.0, 0.0, 0.0], 'sigma_hat': None, 'elapsed_s': 0.0009203340159729123, 'a_bias': [-0.008233439007806032, 0.0016082064553837455, 0.05165952418184275], 'b_bias': [-0.1997296530747994, 0.1176614719429302, 0.08374634040851928]}, 'ElasticNet': {'a_hat': [-0.037476389817304875, -0.10545983944803838, 0.1229621692029094], 'b_hat': [0.0, 0.0, 0.0], 'sigma_hat': None, 'elapsed_s': 0.39587338303681463, 'a_bias': [-0.008098497802091893, 0.0017534626946475451, 0.05152252093984351], 'b_bias': [-0.1997296530747994, 0.1176614719429302, 0.08374634040851928]}, 'ISD-1': {'a_hat': [-0.03695260136722979, -0.10327102068147453, 0.11604224736157139], 'b_hat': [0.0, 0.0, 0.0], 'sigma_hat': None, 'elapsed_s': 0.24653086496982723, 'n_steps': 4, 'stopped_on': 'threshold', 'a_bias': [-0.007574709352016807, 0.003942281461211394, 0.0446025990985055], 'b_bias': [-0.1997296530747994, 0.1176614719429302, 0.08374634040851928]}, 'ISD-3': {'a_hat': [-0.03605528214367478, -0.09702072981140068, 0.1172002622784802], 'b_hat': [0.0, 0.0, 0.0], 'sigma_hat': None, 'elapsed_s': 0.1704222731059417, 'n_steps': 3, 'stopped_on': 'threshold', 'a_bias': [-0.0066773901284617986, 0.010192572331285246, 0.045760614015414314], 'b_bias': [-0.1997296530747994, 0.1176614719429302, 0.08374634040851928]}, 'MCMC-add': {'a_hat': [-0.03761506063052966, -0.10560192001538973, 0.12308879479420884], 'b_hat': [0.0, 0.0, 0.0], 'sigma_hat': 0.5638492826448288, 'elapsed_s': 0.07885194302070886, 'sd_a': [0.0031334014661678917, 0.0031281875987443633, 0.003038608872348936], 'a_bias': [-0.008237168615316679, 0.001611382127296196, 0.051649146531142956], 'b_bias': [-0.1997296530747994, 0.1176614719429302, 0.08374634040851928]}, 'MCMC-comb': {'a_hat': [-0.03955747228916593, -0.10576142292881213, 0.12079474255127395], 'b_hat': [0.1654497275633546, -0.111024987005756, -0.02049805927445734], 'sigma_hat': 0.5498081084757493, 'elapsed_s': 32.604743988020346, 'sd_a': [0.0024726428876774135, 0.0026964833427080034, 0.0028175820027066647], 'nuts_rhat': 0.9997632659698609, 'nuts_ess': 5279.707056889157, 'nuts_divergences': 0, 'a_bias': [-0.010179580273952948, 0.0014518792138737968, 0.04935509428820807], 'b_bias': [-0.03427992551144479, 0.006636484937174197, 0.06324828113406193]}}","[-0.029377892015212983, -0.10721330214268593, 0.07143964826306588]","[-0.010179580273952948, 0.0014518792138737968, 0.04935509428820807]","[0.1997296530747994, -0.1176614719429302, -0.08374634040851928]","[-0.03427992551144479, 0.006636484937174197, 0.06324828113406193]"
98,1021957,32512,"[0.030361998669284535, 0.16118939114430073, -0.13570600680042033]","[0.03327070692558189, 0.17087543907443384, -0.13146338436852734]","[7.875072488621191e-06, 6.960769432683173e-06, 6.85087052229028e-06]","[1.2715471158027664e-05, 1.0409901466663029e-05, 1.1206032275519486e-05]",0.0,1.0,False,"{'OLS': {'a_hat': [0.030967891763766082, 0.1585946747254415, -0.13198860667738588], 'b_hat': [0.0, 0.0, 0.0], 'sigma_hat': None, 'elapsed_s': 0.0009160339832305908, 'a_bias': [0.007423054932773048, -0.0025169401245205836, -0.009751175423395556], 'b_bias': [-0.0249036122306942, -0.1821298850813109, 0.16517591481792673]}, 'ElasticNet': {'a_hat': [0.03080648952231641, 0.15841132512640593, -0.13182231375922795], 'b_hat': [0.0, 0.0, 0.0], 'sigma_hat': None, 'elapsed_s': 0.21576426597312093, 'a_bias': [0.007261652691323374, -0.002700289723556154, -0.009584882505237632], 'b_bias': [-0.0249036122306942, -0.1821298850813109, 0.16517591481792673]}, 'ISD-1': {'a_hat': [0.03184574320374972, 0.16092500880858307, -0.12865218204883316], 'b_hat': [0.0, 0.0, 0.0], 'sigma_hat': None, 'elapsed_s': 0.19216581201180816, 'n_steps': 4, 'stopped_on': 'threshold', 'a_bias': [0.008300906372756687, -0.00018660604137901715, -0.006414750794842841], 'b_bias': [-0.0249036122306942, -0.1821298850813109, 0.16517591481792673]}, 'ISD-3': {'a_hat': [0.03232588075749677, 0.15834759519607564, -0.12417082211135844], 'b_hat': [0.0, 0.0, 0.0], 'sigma_hat': None, 'elapsed_s': 0.2299692709930241, 'n_steps': 4, 'stopped_on': 'threshold', 'a_bias': [0.008781043926503734, -0.0027640196538864514, -0.0019333908573681141], 'b_bias': [-0.0249036122306942, -0.1821298850813109, 0.16517591481792673]}, 'MCMC-add': {'a_hat': [0.030971907371553812, 0.15858202149499495, -0.1319780180441833], 'b_hat': [0.0, 0.0, 0.0], 'sigma_hat': 0.5842447910879163, 'elapsed_s': 0.06647858198266476, 'sd_a': [0.0032455013899940657, 0.00323794140180517, 0.0031442507374677704], 'a_bias': [0.007427070540560778, -0.0025295933549671357, -0.009740586790192976], 'b_bias': [-0.0249036122306942, -0.1821298850813109, 0.16517591481792673]}, 'MCMC-comb': {'a_hat': [0.030361998669284535, 0.16118939114430073, -0.13570600680042033], 'b_hat': [0.03327070692558189, 0.17087543907443384, -0.13146338436852734], 'sigma_hat': 0.5709711676301934, 'elapsed_s': 31.317076134029776, 'sd_a': [0.002806255955650017, 0.002638327013977451, 0.0026174167651121746], 'nuts_rhat': 1.000082588656881, 'nuts_ess': 5652.591940160329, 'nuts_divergences': 0, 'a_bias': [0.006817161838291501, 7.777629433863842e-05, -0.013468575546430009], 'b_bias': [0.008367094694887695, -0.011254446006877056, 0.0337125304493994]}}","[0.023544836830993034, 0.1611116148499621, -0.12223743125399032]","[0.006817161838291501, 7.777629433863842e-05, -0.013468575546430009]","[0.0249036122306942, 0.1821298850813109, -0.16517591481792673]","[0.008367094694887695, -0.011254446006877056, 0.0337125304493994]"
99,1003146,32512,"[-0.12086421704224398, -0.04779260672538731, -0.04181237751922821]","[0.060817908369796066, 0.006699002456411691, -0.11351367416921246]","[1.0119418305865631e-05, 1.003597665582102e-05, 8.582010160225192e-06]","[1.4070055945798462e-05, 1.6328896595785707e-05, 1.3913714053697354e-05]",1041.6305072513424,1.6750296722935302e-225,True,"{'OLS': {'a_hat': [-0.12142299059820447, -0.04869010009913745, -0.03967661122261108], 'b_hat': [0.0, 0.0, 0.0], 'sigma_hat': None, 'elapsed_s': 0.0009042790625244379, 'a_bias': [0.006683930086378742, -0.006329439453053622, 0.012382230062930023], 'b_bias': [-0.08126012877536447, -0.024165971982083808, 0.17749620596421284]}, 'ElasticNet': {'a_hat': [-0.12128603189930022, -0.04856311442759019, -0.03955652433980979], 'b_hat': [0.0, 0.0, 0.0], 'sigma_hat': None, 'elapsed_s': 0.23726840398740023, 'a_bias': [0.006820888785282989, -0.006202453781506363, 0.012502316945731319], 'b_bias': [-0.08126012877536447, -0.024165971982083808, 0.17749620596421284]}, 'ISD-1': {'a_hat': [-0.11877162936295182, -0.046552037199627146, 0.0], 'b_hat': [0.0, 0.0, 0.0], 'sigma_hat': None, 'elapsed_s': 0.13552114099729806, 'n_steps': 3, 'stopped_on': 'threshold', 'a_bias': [0.009335291321631384, -0.004191376553543319, 0.052058841285541106], 'b_bias': [-0.08126012877536447, -0.024165971982083808, 0.17749620596421284]}, 'ISD-3': {'a_hat': [-0.11204661126033578, -0.04750773341262323, 0.0], 'b_hat': [0.0, 0.0, 0.0], 'sigma_hat': None, 'elapsed_s': 0.110312515986152, 'n_steps': 2, 'stopped_on': 'threshold', 'a_bias': [0.016060309424247424, -0.005147072766539404, 0.052058841285541106], 'b_bias': [-0.08126012877536447, -0.024165971982083808, 0.17749620596421284]}, 'MCMC-add': {'a_hat': [-0.12143451355266177, -0.04869883103171336, -0.039666514401579395], 'b_hat': [0.0, 0.0, 0.0], 'sigma_hat': 0.5964657188217464, 'elapsed_s': 0.06980139203369617, 'sd_a': [0.003318268769775612, 0.003312649352797423, 0.003206233743808589], 'a_bias': [0.006672407131921437, -0.006338170385629532, 0.012392326883961712], 'b_bias': [-0.08126012877536447, -0.024165971982083808, 0.17749620596421284]}, 'MCMC-comb': {'a_hat': [-0.12086421704224398, -0.04779260672538731, -0.04181237751922821], 'b_hat': [0.060817908369796066, 0.006699002456411691, -0.11351367416921246], 'sigma_hat': 0.5918289041489089, 'elapsed_s': 32.6540752890287, 'sd_a': [0.0031811033158112975, 0.0031679609618524376, 0.002929506811773134], 'nuts_rhat': 1.0006820012713225, 'nuts_ess': 5263.49607680768, 'nuts_divergences': 0, 'a_bias': [0.007242703642339227, -0.0054319460793034804, 0.0102464637663129], 'b_bias': [-0.020442220405568402, -0.017466969525672116, 0.06398253179500038]}}","[-0.1281069206845832, -0.04236066064608383, -0.052058841285541106]","[0.007242703642339227, -0.0054319460793034804, 0.0102464637663129]","[0.08126012877536447, 0.024165971982083808, -0.17749620596421284]","[-0.020442220405568402, -0.017466969525672116, 0.06398253179500038]"
